Title,Handle,SEO Page Title,CLUSTER TAGS
Gilded Opulence: Elevate Your Space with Gold Wall Art Decor,gilded-opulence-elevate-your-space-with-gold-wall-art-decor,Gold Wall Art Decor to Elevate Your Space,"living-room-decor, gold-accents, mirrors, inspiration, Gold wall art decor,Hallway art ideas,Home Decor,Home decor items,Home decoration,Interior Design,unique wall art ideas,wall art poster prints"
Elevate Your Just married First Home Decor with Wall art about love,just-married-first-home-decor-with-wall-art-about-love,Wall art about love: Your Just married First Home Decor,"living-room-decor, inspiration, love-decor, bedroom wall art,Home Decor,Home decor items,Home decoration,Interior Design,Master Bedroom wall decor,Prints of love,unique wall art ideas,Wall art about love,wall art for bedrooms,wall art poster prints"
Personalised family presents for Everlasting Memories,personalised-family-presents-for-everlasting-memories,Personalised family presents for Everlasting Memories,"gift-ideas,living-room-decor,scandinavian-style,wallpaper,family-decor, custom family gifts,Home Decor,Home decor items,Home decoration,Interior Design,Personalised family gifts,Personalised family presents,unique wall art ideas,wall art poster prints"
Unique Birthday Presents to Celebrate Beyond Ordinary,unique-birthday-presents-to-celebrate-in-style,Unique Birthday presents Beyond Ordinary,"birthstone-decor, zodiac-decor, inspiration, Home Decor,Home decor items,Home decoration,Interior Design,Unique Birthday Gifts,Unique Birthday presents,unique wall art ideas,wall art poster prints"
Bohemian Bliss: Elevate Your Space with Bohemian art wall,bohemian-bliss-elevate-your-space-with-bohemian-art-wall,Bohemian art wall to Elevate Your Space,"inspiration,bohemian-style,living-room-decor,colour-combinations, Bohemian art wall,Home Decor,Home decor items,Home decoration,Interior Design,unique wall art ideas,wall art poster prints"
10 Tips for Decorating Your Yoga Studio with Spiritual home decor,decorating-your-yoga-studio-with-spiritual-home-decor,Spiritual Home Decor - Tips for Decorating Your Yoga Studio,"styling-tips,office-decor,minimalist-style,plants-pots,neutral-tones, Buddha,Buddhism,Home Decor,Home decor items,Home decoration,Interior Design,Spiritual home decor,spiritual wall art,unique wall art ideas,wall art poster prints,Well-being,Yoga Studio,Zen Wall Art"
Elevate Your Space: Small Bathroom Wall Art Ideas to Inspire Refreshing Moments,elevate-your-space-small-bathroom-wall-art-ideas,Small Bathroom Wall Art Ideas to Inspire Refreshing Moments,"bathroom-decor, inspiration, minimalist-style, mirrors, tropical-style, bathroom wall art,Home Decor,Home decor items,Home decoration,Interior Design,small bathroom wall art,unique wall art ideas,wall art poster prints"
Top 5 Islamic art wall Ideas Revealed,top-5-islamic-art-wall-ideas-revealed,Top 5 Islamic art wall Ideas Revealed,"islamic-style, inspiration, living-room-decor, contemporary-style, Home Decor,Home decor items,Home decoration,Interior Design,islamic art wall,islamic calligraphy wall art"
8 Creative Bathroom Wall Art Ideas to Transform Your Space,8-creative-bathroom-wall-art-ideas-to-transform-your-space,8 Creative Bathroom Wall Art Ideas to Transform Your Space,"bathroom-decor, inspiration, minimalist-style, pastel-tones, bathroom wall art,Home decor items,Home decoration,Interior Design,small bathroom wall art,unique wall art ideas,wall art poster prints"
Bible scripture wall art prints to Inspire your Home decor,bible-scripture-wall-art-prints-inspire-your-home-decor,Bible scripture wall art prints to Inspire your Home decor,"living-room-decor, christian-style, inspiration, Bible scripture wall art,Christian Wall Art,Home Decor,Home decor items,Home decoration,Interior Design"
From East to West: Chinoiserie Wall murals in home Interiors,exploring-chinoiserie-wall-murals-in-todays-interiors,Chinoiserie Wall murals in Today's Interiors,"chinoiserie-style, inspiration, contemporary-style, living-room-decor, Chinoiserie wall art decor,Chinoiserie Wall murals,Home Decor,Home decor items,Home decoration,Interior Design,unique wall art ideas,wall art for living room"
Trending now: Wall art pictures for living room in Grounded Colours,wall-art-pictures-for-living-room-grounded-neutral-colours,Wall art pictures for living room: Grounded Neutral Colours,"styling-tips,living-room-decor,earth-toned,sculptures,abstract-style, Earth tone wall decor,Home Decor,Home decor items,Home decoration,Interior Design,Neutral Wall Decor,unique wall art ideas,wall art for living room,Wall art pictures for living room,wall art poster prints"
Black and White Magic: Creating Bold Galleries with Framed Wall Art,black-and-white-magic-creating-galleries-framed-wall-art,Framed Wall Art in Black and White Galleries,"styling-tips,living-room-decor,bedroom-decor,black-white,wallpaper, Black and white Wall Decor,Home Decor,Home decor items,Home decoration,Interior Design,wall art for living room,wall art poster prints"
Blossoming Trends: Botanical Wall Art for Bedroom,blossoming-trends-botanical-wall-art-for-bedroom,Botanical Wall Art for Bedroom Blossoming Trends,"inspiration,bedroom-decor,shabby-chic-style,tropical-style, bedroom wall art,Botanical Wall art,Farmhouse Decor,French Country Decor,Rustic Country Decor,Rustic Farmhouse Wall Art,Tropical Home decor,unique wall art ideas,wall art for bedrooms"
Inspiring Wall Gallery Layouts : From Blank Walls to a Perfect Gallery,wall-gallery-layouts-from-blank-walls-to-a-perfect-gallery,Wall Gallery Layouts : From Blank Walls to a Perfect Gallery,"styling-tips,living-room-decor,bedroom-decor,hallway-decor,interior-styling-frameworks, Home Decor,Home decor items,Home decoration,Interior Design,Wall Art Gallery Layouts,wall art poster prints,Wall Gallery Layouts"
Get the Boho Look: 9 DIY Boho Home Decor Ideas for Every Room,get-the-boho-look-9-diy-boho-home-decor-ideas-for-every-room,Get the Boho Look: 9 Boho Home Decor Ideas for Every Room,"styling-tips,bohemian-style,living-room-decor,rugs,interior-design-concepts, Bohemian wall art,Boho home decor ideas,Home Decor,Home decoration,Interior Design"
Cherry Blossom Art Japan: Understanding the Deep Symbolism,cherry-blossom-art-japan-understanding-the-deep-symbolism,Cherry Blossom Art Japan - Understanding the Symbolism,"inspiration, living-room-decor, zen-style, wall-panels, interior-design-concepts, Cherry blossom art japan,Home Decor,Home decor items,Home decoration,Interior Design,Japandi Living room,Japandi style,Japanese wall art,Zen Decor Ideas,Zen Wall Art"
Christmas Decor Ideas Beyond the Tree: 8 Fresh Ideas for a Festive Home,christmas-decor-ideas-beyond-the-tree-8-ideas-festive-home,Christmas Decor Ideas Beyond the Tree,"fireplace-decor, inspiration, outdoor-decor, candles, interior-styling-frameworks, Christmas decor ideas,christmas wall decor ideas,Holiday Home decor"
Decorating with Framed Artwork Prints,decorating-with-framed-artwork-prints,Framed Artwork Prints - Decor tips and tricks,"styling-tips,living-room-decor,eclectic-style,interior-design-concepts, Framed artwork prints,Home Decor,Home decor items,Home decoration,Interior Design,wall art for living room,Wall Art Gallery Layouts,wall art poster prints"
12 Small restroom decor ideas to maximise space,12-small-restroom-decor-ideas,12 Small restroom decor ideas to maximise space,"bathroom-decor, how-to, minimalist-style, storage-solutions, space-planning, bathroom wall art,Home Decor,Home decor items,Home decoration,Interior Design,small bathroom wall art,Small restroom decor ideas"
7 Tips to transform Your Home office decor with Calming Wall Art,decorate-your-home-office-with-calming-wall-art,Calming Wall Art to create a Relaxing Home Office Decor,"styling-tips,office-decor,neutral-tones,zen-style,interior-design-concepts, desk decoration ideas,home office decor,Interior Design,Office Decor,office wall art,prints for the office"
Zen Decor Ideas: Calm & Serenity in Your Living space,zen-decor-ideas-achieving-calm-and-serenity-in-your-living,Zen Decor Ideas: Calm & Serenity in Your Living space,"styling-tips,living-room-decor,zen-style,neutral-tones,plants-pots, Home Decor,Home decor items,Home decoration,Interior Design,Japandi style,Relaxing Home decoration,wall art poster prints,Well-being,Zen Decor Ideas,Zen Wall Art"
5 Calming Wall Art Ideas to create a Relaxing bedroom decor,5-calming-wall-art-ideas-to-create-a-relaxing-bedroom-decor,Relaxing bedroom decor: 5 Calming Wall Art Ideas,"styling-tips,bedroom-decor,zen-style,abstract-style,sculptures, Home Decor,Home decor items,Home decoration,Interior Design,Japandi Living room,Japandi style,Relaxing bedroom decor,Relaxing Home decoration,wall art poster prints,Zen Wall Art"
The Essence of Scandinavian Interior Design,unveiling-the-essence-of-scandinavian-interior-design,Unveiling the Essence of Scandinavian Interior Design,"inspiration,living-room-decor,scandinavian-style,neutral-tones,interior-design-concepts, Home Decor,Home decor items,Home decoration,Interior Design,Scandinavian interior design,wall art poster prints"
Transform Your Home into a Winter Wonderland with Wall decor Christmas,transform-your-home-with-wall-decor-christmas,Wall decor Christmas - Winter Wonderland at Home,"scandinavian-style, inspiration, minimalist-style, candles, family-decor, christmas wall decor ideas,custom family gifts,Holiday Home decor,Home Decor,Home decor items,Home decoration,Interior Design,Wall decor christmas"
Illuminate Your Home Decor this Eid with Modern Islamic Art,illuminate-your-home-decor-with-inspiring-modern-islamic-art,Modern Islamic Art to Illuminate Your Home Decor,"living-room-decor, islamic-style, inspiration, bedroom-decor, eid-decor, Home Decor,Home decor items,Home decoration,Interior Design,islamic art wall,islamic calligraphy wall art,Modern Islamic Art,unique wall art ideas,wall art poster prints"
The Symbolism Behind Wedding Anniversary Gifts by Year,the-symbolism-behind-wedding-anniversary-gifts-by-year,Anniversary Gifts By Year - The Symbolism Behind,"wedding-decor, gift-ideas, love-decor, interior-design-concepts, bedroom wall art,Home Decor,Home decor items,Home decoration,Interior Design,Master Bedroom wall decor,Prints of love,wall art for bedrooms,wall art poster prints"
The Impact of Modern Wall Art on Contemporary Home Decor,the-impact-of-modern-wall-art-on-contemporary-home-decor,The Impact of Modern Wall Art on Contemporary Decor,"inspiration,living-room-decor,abstract-style,colour-theory, Home Decor,Home decor items,Home decoration,modern abstract wall art,Modern Art Wall,Modern Mid Century Decor,modern mid century wall art,wall art poster prints"
The Art of Decorating:  Modern master bedroom decor ideas,the-art-of-decorating-modern-master-bedroom-decor-ideas,Modern master bedroom decor ideas - The Art of Decorating,"styling-tips,bedroom-decor,minimalist-style,above-fireplace-decor,wallpaper, bedroom wall art,Home Decor,Home decor items,Home decoration,Interior Design,Modern master bedroom decor ideas,wall art for bedrooms"
Enhancing your baby’s room with the cutest Wall art for nursery ideas,wall-art-for-nursery-ideas,Wall art for nursery ideas to Enhance Your Baby’s Room,"styling-tips,babies-kids-decor,bohemian-style,wallpaper,interior-design-concepts, Home decor items,Home decoration,Interior Design,nursery prints girl,Nursery wall art,Personalised nursery wall art,set of 3 nursery prints,Wall art for Nursery,wall art for nursery boys,wall art for nursery ideas,wall art poster prints"
Transform Your Home into a Coastal Haven with Tropical Home Decor,transform-your-home-with-tropical-home-decor,Transform Your Home with Tropical Home Decor,"styling-tips,living-room-decor,coastal-style,tropical-style,plants-pots, Coastal decor ideas on a budget,Home Decor,Home decor items,Home decoration,Interior Design,Relaxing Home decoration,Tropical Home decor,wall art poster prints"
How to Design & Create a Retreat with wall art ideas for bathroom,how-to-design-with-wall-art-ideas-for-bathroom,Wall art ideas for bathroom - How to Design a Retreat,"styling-tips,bathroom-decor,contemporary-style,colour-combinations, bathroom wall art,Home Decor,Home decor items,Home decoration,Interior Design,small bathroom wall art"
How to Decorate a Large Wall in a Living Room with Wall art,how-to-decorate-a-large-wall-in-a-living-room-with-wall-art,How to decorate a large wall in a living room,"how-to,living-room-decor,contemporary-style,wallpaper,interior-design-concepts, Home Decor,Home decor items,Home decoration,Interior Design,wall art for living room,Wall Art Gallery Layouts,wall art poster prints"
Top 8 Coastal Decor Home Ideas on a budget,top-8-coastal-decor-home-ideas-on-a-budget,Coastal Decor Home Ideas on a budget,"styling-tips,living-room-decor,coastal-style,textiles,rugs, Coastal decor home,Coastal decor ideas on a budget,Home Decor,Home decor items,Home decoration,wall art poster prints"
How Mid century modern interior decor uses Wall Art as Conversational Pieces,mid-century-modern-interior-decor-uses-conversational-pieces,Mid century modern interior decor : Conversation Pieces,"inspiration,living-room-decor,minimalist-style,abstract-style, Home Decor,Home decor items,Home decoration,Interior Design,Mid century modern interior decor,modern abstract wall art,Modern Mid Century Decor,modern mid century wall art,wall art poster prints"
The Fusion of Japanese Minimalism & Scandinavian Decor,the-fusion-of-japanese-minimalism-scandinavian-simplicity,Japanese Minimalism & Scandinavian Decor,"inspiration,living-room-decor,japandi-style,neutral-tones,sculptures, Home Decor,Home decor items,Home decoration,Interior Design,Japandi Living room,Japandi style,Relaxing Home decoration,wall art poster prints,Zen Wall Art"
Exploring the World from Your Living Room: Travel Posters,exploring-the-world-from-the-living-room-with-travel-posters,Travel Posters: Explore the World from Your Room,"inspiration,living-room-decor,eclectic-style, Home Decor,Home decor items,Home decoration,Interior Design,Travel posters,Wall Art Gallery Layouts,wall art poster prints"
Exploring the Beauty of Eclectic interior decor,exploring-the-beauty-of-eclectic-interior-decor,Eclectic interior decor - Exploring its Beauty,"inspiration,eclectic-style,maximalist-style,living-room-decor,sculptures, Eclectic interior decor,Home Decor,Home decor items,Home decoration,Interior Design,unique wall art ideas,wall art for living room,wall art poster prints"
Exploring office Wall Art Prints when designing a Home office decor,designing-a-professional-home-office-decor-with-wall-art,Discover Creative Wall Art Prints for a home office decor,"office-decor, inspiration, minimalist-style, black-white, desk-decor, desk decoration ideas,Home Decor,Home decor items,Home decoration,home office decor,Interior Design,Office Decor,office wall art,prints for the office,unique wall art ideas,wall art poster prints"
Creating a charming Home with Timeless French Country interior Decor,charming-home-with-timeless-french-country-interior-decor,French Country interior Decor - Creating a Charming Home,"inspiration,french-country-style,shabby-chic-style,bedroom-decor,textiles, Farmhouse Decor,French Country Decor,French Country interior Decor,Home Decor,Home decor items,Home decoration,Interior Design,Rustic Country Decor,Rustic Farmhouse Wall Art,wall art for living room,wall art poster prints"
Create a Serene Retreat: Transform Your Space with Farmhouse Decor,transform-your-space-with-farmhouse-decor,Farmhouse Decor - Creating your Serene Retreat,"styling-tips,bedroom-decor,living-room-decor,farmhouse-style,earth-toned, Farmhouse Decor,Hallway art ideas,Home Decor,Home decor items,Home decoration,Interior Design,Rustic Country Decor,Rustic Farmhouse Wall Art,unique wall art ideas,wall art poster prints"
Birthstone presents: Finding the perfect gift for an Astrology lover,birthstone-presents-beyond-jewellery,Birthstone presents Beyond Jewellery,"zodiac-decor, gift-ideas, living-room-decor, candles, teal-tones, Birthstone Gifts beyond jewelry,Birthstone presents,Home Decor,Interior Design,Unique Birthday Gifts,wall art poster prints,Well-being"
10 Creative Kitchen wall decor ideas,10-creative-kitchen-wall-decor-ideas,Kitchen Wall Decor ideas - 10 Home decor Ideas,"styling-tips,kitchen-decor,eclectic-style,sculptures,colour-combinations, Home Decor,Home decor items,Home decoration,Interior Design,Kitchen wall decor ideas,unique wall art ideas,wall art poster prints"
Transforming Spaces: Unveiling the Power of Japan prints and Feng Shui,transforming-spaces-the-power-of-japan-prints-and-feng-shui,Japan prints and Feng Shui in interior decor,"styling-tips,living-room-decor,minimalist-style,zen-style,interior-design-concepts, Home Decor,Home decor items,Home decoration,Interior Design,Japandi Living room,Japandi style,wall art poster prints,Zen Wall Art"
"Choosing the Right Wall Art for Living Room: Tips, Trends, and Recommendations",choosing-the-right-wall-art-for-living-room-tips-and-trends,Choosing the Right Wall Art for Living Room: Tips and Trends,"styling-tips,living-room-decor,contemporary-style,colour-psychology, Home Decor,Home decor items,Home decoration,Interior Design,unique wall art ideas,wall art for living room,wall art poster prints"
Dive into the History of Islamic Calligraphy wall art and Its Modern Appeal,dive-into-the-rich-history-of-islamic-calligraphy-wall-art,Islamic Calligraphy wall art and Its Modern Appeal,"islamic-style, inspiration, living-room-decor, contemporary-style, Interior Design,islamic art wall,islamic calligraphy wall art,Modern Islamic Art,spiritual wall art,unique wall art ideas,wall art poster prints"
Top 8 Hallway Art Ideas to Transform Your Space,top-8-hallway-art-ideas-to-transform-your-space,Top 8 Hallway Art Ideas to Transform Your Space,"inspiration,hallway-decor,abstract-style,wallpaper, Hallway art ideas,Home Decor,Home decor items,Home decoration,Interior Design,wall art poster prints"
Mesmerising Spaces: Elevate Your Space with teal color wall art,elevate-your-space-with-teal-color-wall-art,Teal Color Wall Art - Creating mesmerising Spaces,"inspiration,living-room-decor,abstract-style,teal-tones,wallpaper, Hallway art ideas,Home Decor,Interior Design,Office Decor,office wall art,teal color wall art,teal colour wall art,wall art poster prints"
Embrace Nature's Palette using Earth tone colors,embrace-natures-palette-using-earth-tone-colors,Earth Tone colors - Embrace Nature's Palette,"styling-tips,living-room-decor,earth-toned,sculptures,bohemian-style, Earth tone colors,Earth tone wall decor,Hallway art ideas,Home Decor,Interior Design,Neutral Wall Decor,unique wall art ideas,wall art poster prints"
Neutral Wall Decor: Elevate Your Space with Timeless Tranquility,elevate-your-space-with-neutral-wall-decor,Neutral Wall Decor to Elevate Your Space,"inspiration,living-room-decor,neutral-tones,minimalist-style,sculptures, Black and white Wall Decor,Earth tone wall decor,Home Decor,Home decor items,Home decoration,Interior Design,Neutral Wall Decor,unique wall art ideas,wall art for living room,wall art poster prints"
Wall Arts for Living Room: Wallpaper vs Wall art,wall-arts-for-living-room-the-dilemma-of-wallpaper-vs-art,Wall Arts for Living Room - Wallpaper vs Wall art,"comparison,living-room-decor,wallpaper,interior-design-concepts, Home Decor,Home decor items,Home decoration,Interior Design,Travel posters,Wall art pictures for living room,Wall arts for living room"
Living Room Fireplace Decor Ideas: Step-by-Step Guide to a Makeover,living-room-fireplace-decor-ideas-guide-to-stunning-makeover,Living Room Fireplace Decor Ideas: Guide to a Makeover,"how-to,living-room-decor,fireplace-decor,minimalist-style,candles, Home Decor,Home decor items,Home decoration,Interior Design,living room fireplace decor ideas"
From Drab to Fab: Black and White Bathroom Design Ideas for a Makeover,from-drab-to-fab-black-and-white-bathroom-design-ideas,Black and White Bathroom Design Ideas for a Makeover,"styling-tips,bathroom-decor,black-white,minimalist-style,mirrors, bathroom wall art,Black and white bathroom design,Black and white Wall Decor,Home Decor,Home decor items,Home decoration,Interior Design,small bathroom wall art"
From Blank to Beautiful: Gallery Wall Ideas for Huge Walls,from-blank-to-beautiful-gallery-wall-ideas-for-huge-walls,Gallery Wall Ideas for Huge Walls,"styling-tips,living-room-decor,eclectic-style,sculptures,colour-combinations, "
Beach House Decor: Embrace the Shibori Trend for a Unique Coastal Vibe,beach-house-decor-embrace-the-shibori-trend-for-coastal-vibe,Beach House Decor - Embrace the Shibori Trend,"styling-tips,coastal-style,bedroom-decor,dining-room-decor,rugs, Beach house decor,Coastal decor ideas on a budget,Home decor items,Home decoration,Interior Design"
Decor for the Home: Choosing the Perfect Vibes for Your Home Decor,decor-for-the-home-choosing-the-perfect-vibes-for-your-home,Decor for the Home - Choosing the Perfect Vibes,"styling-tips,living-room-decor,contemporary-style,rugs,interior-design-concepts, Decor for the home,Home Decor,Home decor items,Home decoration,Interior Design"
How to decorate Japandi Style interiors (and what it is?),how-to-decorate-japandi-style-interiors-and-what-it-is,Japandi Style interiors - What it is and how to decorate,"how-to,japandi-style,living-room-decor,neutral-tones,plants-pots, Home Decor,Home decor items,Home decoration,Interior Design,Japandi Living room,Japandi style"
Small Studio Apartment Decor: 10 Genius Tips & Hacks for Maximising Space,small-studio-apartment-decor-10-genius-tips-and-hacks,Small Studio Apartment Decor - 10 Genius Tips & Hacks,"minimalist-style, how-to, storage-solutions, mirrors, space-planning, Home Decor,Home decor items,Home decoration,Interior Design,small studio apartment decor,wall art poster prints"
Never Too Small: Wall Decoration Office Ideas for Tiny Apartments,never-too-small-wall-decoration-office-ideas-for-apartments,Wall Decoration Office Ideas for Tiny Apartments,"interior-design-concepts, how-to, minimalist-style, storage-solutions, scandinavian-style, home office decor,Office Decor,office wall art,prints for the office,small studio apartment decor,wall decoration office"
Greige colours: How to decorate with the timeless blend of Grey & Beige,how-to-decorate-with-greige-colours-the-blend-of-grey-beige,Greige colours in home decor - The blend of Grey & Beige,"styling-tips,neutral-tones,interior-design-concepts,rugs,bedroom-decor, Greige colours,Home Decor,Home decor items,Home decoration"
Step-by-Step Guide: What Frame Size Do I Need for my Space,determining-what-frame-size-do-i-need-for-my-space,What frame size do i need? - Step-by-Step Guide,"interior-design-concepts, how-to, living-room-decor, minimalist-style, Decor for the home,Framed artwork prints,Home Decor,Home decor items,Home decoration,wall art poster prints,What frame size do i need"
Choosing the Right Palette: What Colour Goes with Grey Walls? Essential Tips,what-colour-goes-with-grey-walls-essential-tips,What Colour Goes with Grey Walls? Choosing the Right Palette,"styling-tips,bedroom-decor,contemporary-style,black-white,colour-combinations, Greige colours,Home Decor,Home decor items,Home decoration,Interior Design,What colour goes with grey walls"
Inspiring Laundry Room Decor: Tips for a Functional and Beautiful Space,laundry-room-decor-tips-for-a-functional-and-beautiful-space,Laundry Room Decor: Tips for a Functional Space,"laundry-room-decor, inspiration, storage-solutions, neutral-tones, Home Decor,Home decor items,Home decoration,Interior Design,Laundry room decor"
Corridor Decor Ideas: Transforming Your Hallways with Style,corridor-decor-ideas-transforming-your-hallways-with-style,Corridor Decor Ideas - Transforming Your Hallways with Style,"styling-tips,hallway-decor,contemporary-style,neutral-tones,storage-solutions, corridor decor ideas,Hallway art ideas,Home Decor,Home decor items,Home decoration,Interior Design"
8 Creative teenage bedroom decor ideas,8-creative-teenage-bedroom-decor-ideas,Teenage bedroom decor ideas to create a perfect room,"styling-tips,teens-decor,contemporary-style,storage-solutions, Home Decor,Home decor items,Home decoration,Interior Design,nursery prints girl,Nursery wall art,teenage bedroom decor ideas,Wall art for Nursery,wall art for nursery ideas"
How to decorate a bathtub and transform your Bathroom,how-to-decorate-a-bathtub-and-transform-your-bathroom,How to decorate a bathtub and transform your Bathroom,"how-to,bathroom-decor,minimalist-style,candles,storage-solutions, bathroom wall art,Home Decor,Home decor items,Home decoration,how to decorate bathtub,Interior Design,Relaxing Home decoration,small bathroom wall art"
How to Decorate Hallways to Maximise Space. Quick Tips and Tricks,how-to-decorate-hallways-to-maximise-space-quick-tips,How to Decorate Hallways to Maximise Space. Quick Tips,"how-to,hallway-decor,minimalist-style,storage-solutions,mirrors, corridor decor ideas,Hallway art ideas,Home Decor,Home decor items,Home decoration,how to decorate hallways,Interior Design"
How to Decorate a Really Small Bedroom: 10 Space-Saving Tips and Tricks,how-to-decorate-a-really-small-bedroom-10-space-saving-tips,How to Decorate a Really Small Bedroom: 10 Space-Saving Tips,"minimalist-style, how-to, space-planning, mirrors, storage-solutions, bedroom wall art,Decor for the home,Home Decor,Home decor items,Home decoration,how to decorate a really small bedroom,Interior Design,Relaxing bedroom decor,wall art for bedrooms"
Bringing Scandinavian Design decor into Your Home,bringing-scandinavian-design-decor-into-your-home,Bringing Scandinavian Design decor into Your Home,"styling-tips,scandinavian-style,neutral-tones,living-room-decor,interior-design-concepts, "
"Can a single, Abstract Art transform the energy of your living space?",can-a-single-bold-abstract-art-transform-your-space,Can Abstract Art transform the energy of your living space?,"styling-tips,living-room-decor,abstract-style,interior-trends, Abstract Art"
"Want to turn plain walls into a stunning, cozy interiors retreat with creative layers?",turn-plain-walls-into-a-stunning-cozy-interiors-retreat,Cozy Interiors: Designing a Comfortable Sanctuary,"styling-tips,living-room-decor,bedroom-decor,textiles,mirrors, cozy interiors"
How to create a wow factor with the right Living room Wall Art Decor!,how-to-create-a-wow-factor-with-wall-art-decor,Wall Art Decor: Transform Your Living Room Style,"styling-tips,living-room-decor,abstract-style,sculptures,interior-design-concepts, Wall Art Decor"
Bathroom Art Ideas to transform your small bathroom into an oasis,bathroom-art-ideas-to-transform-your-bathroom-into-an-oasis,Bathroom Art Ideas for Small Spaces,"bathroom-decor, how-to, minimalist-style, neutral-tones, mirrors, Bathroom Art Ideas"
Transform your bedroom into a sanctuary! Discover perfect Above the bed decor ideas,discover-perfect-above-the-bed-decor-ideas,Above the Bed Decor for a Cozy Bedroom Retreat,"styling-tips,bedroom-decor,minimalist-style,wallpaper, above the bed decor"
Transform your home into an walk in the woods oasis using Biophilic Design,transform-your-home-into-an-oasis-using-biophilic-design,Biophilic Design: Creating Your Indoor Oasis,"styling-tips,living-room-decor,earth-toned,plants-pots,interior-trends, Biophilic Design"
How to Use Typography for a Playful Kitchen Wall Art Decor?,how-to-use-typography-for-a-playful-kitchen-wall-art-decor,Kitchen Wall Art Decor: Creative Design Tips,"how-to,kitchen-decor,minimalist-style,colour-theory, "
How to effortlessly mix and blend different art style types in a living room?,how-to-mix-and-blend-different-art-style-types,Art Style Types: Mix and Match for Your Space,"styling-tips,living-room-decor,eclectic-style,colour-combinations, art style types"
How could your art for an office wall fuel creativity and productivity?,how-could-your-art-for-an-office-wall-fuel-productivity,Art for an Office Wall: Inspiring Your Workspace,"styling-tips,office-decor,abstract-style,minimalist-style,colour-psychology, art for an office wall"
How can the right Bedroom Art Ideas transform your space for sleep and relaxation?,how-can-the-right-bedroom-art-ideas-transform-your-space,Bedroom Art Ideas to Create a Serene Retreat,"styling-tips,bedroom-decor,minimalist-style,earth-toned, Bedroom Art Ideas"
How a single wall can transform your Space Bedroom Decor into a stunning sanctuary?,how-a-single-wall-can-transform-your-space-bedroom-decor,Space Bedroom Decor Tips for Ultimate Relaxation,"how-to,bedroom-decor,wallpaper,colour-theory, Bedroom space Decor"
Atmosphere with Art: Transform Your Space Faster Than a Fresh Coat of Paint!,atmosphere-with-art-transform-your-space,Atmosphere with Art: The Impact of Color and Style,"how-to, living-room-decor, abstract-style, interior-design-concepts, colour-psychology, Atmosphere with Art"
Did you know that the Bedroom Wall Art ideas you choose can impact your quality of rest?,how-bedroom-wall-art-ideas-can-impact-your-quality-of-rest,Bedroom Wall Art Ideas for a Peaceful Sanctuary,"styling-tips,bedroom-decor,scandinavian-style,abstract-style,neutral-tones, Bedroom Wall Art Ideas"
Can the right Art For The Kitchen turn it into an inviting space?,can-the-right-art-for-the-kitchen-turn-it-into-an-inviting-space,Art For The Kitchen: Bringing Life to Your Walls,"styling-tips,kitchen-decor,contemporary-style,interior-design-concepts, Art For The Kitchen"
From Dull to Dazzling: The Best Art For A Kitchen Wall Ideas,the-best-art-for-a-kitchen-wall-ideas,Art For A Kitchen Wall Ideas You Will Love,"styling-tips,kitchen-decor,wallpaper,abstract-style, Art For A Kitchen Wall"
How nature-inspired art can transform your walls into a soul-soothing masterpiece?,how-nature-inspired-art-can-transform-your-walls,Nature-Inspired Art to Refresh Your Home Decor,"inspiration,biophilic-style,living-room-decor,wall-panels, nature-inspired art"
Budget Dining Area Decor Ideas That Instantly Elevate the Room,budget-dining-area-decor-ideas-that-elevate-the-room,Dining Area Decor Ideas for Budget-Friendly Updates,"styling-tips,dining-room-decor,contemporary-style,textiles,lamps-lighting, "
Solving Wall Blankness with Well-Placed Pictures for Lounge Rooms,solving-wall-blankness-with-pictures-for-lounge-rooms,Pictures for Lounge Rooms: Tips to Enhance Walls,"styling-tips,living-room-decor,contemporary-style,wallpaper,interior-design-concepts, Lounge rooms"
Solving Moisture Problems with Safe Bathtub Decor Ideas,solving-moisture-problems-with-safe-bathtub-decor-ideas,Bathtub Decor Ideas to Prevent Mold Growth,"bathroom-decor, how-to, interior-design-concepts, plants-pots, Bathroom"
Rustic Decoration for Home That Doesn’t Feel Dated,rustic-decoration-for-home-that-doesn-t-feel-dated,Rustic Decoration for Home That Doesn’t Feel Dated,"styling-tips,home-decor-theory,neutral-tones,plants-pots,bedroom-decor, "
Moisture Resistant Restroom Wall Art What Actually Works,moisture-resistant-restroom-wall-art-what-actually-works,Restroom Wall Art for Humid Environments,"bathroom-decor, how-to, minimalist-style, interior-design-concepts, wall-panels, Bathroom"
How to Use Color Psychology in Interior Design,how-to-use-color-psychology-in-interior-design,How to Use Color Psychology in Interior Design,"how-to,living-room-decor,bedroom-decor,colour-psychology,interior-design-concepts, Interior Decor"
How to Use Art On Walls to Anchor a Color Scheme,how-to-use-art-on-walls-to-anchor-a-color-scheme,How to Use Art On Walls to Anchor a Color Scheme,"styling-tips,living-room-decor,abstract-style,colour-theory, Interior decor"
How to Select the Right Pictures Frames for Your Artwork,how-to-select-the-right-pictures-frames-for-your-artwork,How to Select the Right Pictures Frames for Your Artwork,"how-to,living-room-decor,contemporary-style,home-decor-theory, Interior Decor"
How to Match Prints For The Wall with Your Interior Color Scheme,how-to-match-prints-for-the-wall-with-your-interior-color,How to Match Prints For The Wall with Your Color Scheme,"styling-tips,living-room-decor,abstract-style,colour-theory, Interior decor"
Feng Shui bedroom: Tips and Tricks,feng-shui-bedroom-tips-and-tricks,Feng Shui Bedroom Essentials for Better Sleep,"styling-tips,bedroom-decor,interior-design-concepts,neutral-tones,plants-pots, Bedroom"
Elegant Ways to Incorporate the Dua of Forgiveness into Modern Islamic Decor,incorporate-the-dua-of-forgiveness-into-modern-islamic-decor,Dua of Forgiveness: Integrating Faith in Style,"styling-tips,living-room-decor,contemporary-style,candles,interior-design-concepts, Islamic Decor"
Common Mistakes When Estimating the Size of a Frame for Wall Art,mistakes-when-estimating-the-size-of-a-frame-for-wall-art,Size of a Frame: Avoid Common Mistakes,"styling-tips,living-room-decor,interior-design-concepts,wall-panels, Interior Decor"
Canvas wall arts vs. Framed Prints: What’s Best for Each Room?,canvas-wall-arts-vs-framed-prints-whats-best-for-each-room,Canvas Wall Arts vs. Framed Prints: What’s Best for a Room?,"comparison,living-room-decor,bedroom-decor,abstract-style,interior-design-concepts, canvas wall art"
10 creative ideas for decorating your living room wall on a budget,10-creative-ideas-for-decorating-your-living-room-wall,10 creative ideas for decorating your living room wall,"styling-tips,living-room-decor,plants-pots,textiles,contemporary-style, prints for living room,wall art for living room,Wall art pictures for living room,Wall arts for living room"
Choosing the right art for grey walls without making the room feel cold,choosing-the-right-art-for-grey-walls,Art for Grey Walls: Adding Warmth and Texture,"styling-tips,living-room-decor,abstract-style,interior-design-concepts, Colour Trends,Greige colours,What colour goes with grey walls"
7 Inspiring Ideas for Wall Art for Teenagers,7-inspiring-ideas-wall-art-for-teenagers,Wall Art for Teenagers: Uniquely Theirs,"styling-tips,teens-decor,eclectic-style,interior-design-concepts, teenage bedroom decor ideas,wall art for teenagers"
7 Creative Ideas for Wall Art for High Ceilings,wall-art-for-high-ceilings-7-creative-ideas,7 Creative Ideas for Wall Art for High Ceilings,"styling-tips,living-room-decor,contemporary-style,mirrors,textiles, Home Decor,Home decor items,home decor trends 2025,Home decoration,inspiration for home decor,wall art for high ceilings"
7 Creative Ideas for Decorating the Home,ideas-for-decorating-the-home-7,Ideas for Decorating the Home with Personal Touch,"inspiration,living-room-decor,interior-design-concepts,plants-pots, Decor for the home,Home Decor,Home decor items,Home decoration,ideas for decorating the home,inspiration for home decor"
Understanding Art and Wellbeing: Impact and Insights,understanding-art-and-wellbeing-impact-and-insights,Art and Wellbeing: The Healing Connection,"how-to,interior-design-concepts,living-room-decor,zen-style, art and wellbeing,Zen Decor Ideas,Zen Wall Art"
Understanding Art Color Meaning: Emotions and Symbolism,understanding-art-color-meaning-emotions-symbolism,Art Color Meaning: The Language of Emotions,"inspiration,colour-psychology,interior-design-concepts,colour-theory, art color meaning,Colour Trends,Earth tone colors,Greige colours,soothing color palettes,teal color wall art,What colour goes with grey walls"
8 Fresh Ideas for Inspiration for Home Decor,inspiration-for-home-decor-8-fresh-ideas,Inspiration for Home Decor with Personal Touches,"inspiration, living-room-decor, interior-design-concepts, rugs, plants-pots, Home Decor,Home decor items,home decor trends 2025,Home decoration,inspiration for home decor"
7 Smart Tips for Decorating on a Budget,7-smart-tips-for-decorating-on-a-budget,7 Smart Tips for Decorating on a Budget,"styling-tips,living-room-decor,contemporary-style,textiles,interior-design-concepts, Coastal decor ideas on a budget,decorating on a budget"
8 Essential Tips to Shop Online Decoration for Home,shop-online-decoration-for-home-8-essential-tips,8 Essential Tips to Shop Online Decoration for Home,"styling-tips,living-room-decor,contemporary-style,interior-design-concepts, Home Decor,Home decoration,shop online decoration for home"
8 Inspiring Abstract Wall Art Ideas for Any Space,abstract-wall-art-ideas-8-inspiring-ideas,8 Inspiring Abstract Wall Art Ideas for Any Space,"inspiration,abstract-style,colour-psychology,living-room-decor, Abstract Art,abstract wall art ideas,modern abstract wall art"
7 Smart Tips for Choosing Art for Small Spaces,choosing-art-for-small-spaces-7-smart-tips,7 Smart Tips for Choosing Art for Small Spaces,"styling-tips,living-room-decor,contemporary-style,sculptures,space-planning, art for small spaces,how to decorate a really small bedroom,small space decorating ideas,small studio apartment decor"
7 Accent Wall Art Ideas for a Stunning Home,accent-wall-art-ideas-7,7 Accent Wall Art Ideas for a Stunning Home,"inspiration,living-room-decor,contemporary-style,colour-theory,sculptures, accent wall art ideas,Home Decor,Home decor items,Home decoration,inspiration for home decor"
7 DIY Accent Wall Ideas to Transform Your Space,diy-accent-wall-ideas-7,7 DIY Accent Wall Ideas to Transform Your Space,"inspiration,living-room-decor,contemporary-style,wallpaper,design-principles, diy accent wall ideas"
Understanding Landscape Art Styles: What They Are and Why They Matter,understanding-landscape-art-styles,Landscape Art Styles: Influence on Mood and Design,"inspiration,living-room-decor,abstract-style,interior-design-concepts, Home Decor,Home decor items,home decor trends 2025,Home decoration,inspiration for home decor,landscape art styles"
Current Home Decor Trends Transforming Spaces in 2025,current-home-decor-trends-transforming-spaces-in-2025,Current Home Decor Trends Transforming Spaces in 2025,"inspiration,living-room-decor,biophilic-style,earth-toned,plants-pots, Home decor trends"
Stylish Bedroom Ideas to Create the Perfect Guest Room,stylish-bedroom-ideas-to-create-the-perfect-guest-room,Bedroom Ideas Guest Room: Enhance Your Guest Experience,"styling-tips,bedroom-decor,abstract-style,mirrors,pastel-tones, Bedroom,Bedroom Art Ideas,Bedroom space Decor,bedroom wall art,Bedroom Wall Art Ideas,Decorations for Master Bedrooms,Guest Bedroom Decorating Ideas,how to decorate a really small bedroom,Master Bedroom wall decor,Modern master bedroom decor ideas,Personalised Wall Art,Relaxing bedroom decor,wall art for bedrooms"
Design Lounge Room: Feels Effortlessly Stylish,how-to-design-lounge-room-that-feels-effortlessly-stylish,Design Lounge Room: Tips for Chic Spaces,"styling-tips,living-room-decor,contemporary-style,interior-design-concepts,rugs, Calm Interiors,Lounge rooms,prints for living room,wall art for living room,Wall art pictures for living room,Wall arts for living room"
Explore the Most Popular Home Decor Styles for Every Space,explore-the-most-popular-home-decor-styles-for-every-space,Home Decor Styles: Discover Your Perfect Match,"inspiration,living-room-decor,minimalist-style,bohemian-style,interior-design-concepts, Decor for the home,Home Decor,Home Decor Styles,Home decor trends,home decor trends 2025"
A Guide to Finding Your Home Decor Style,a-guide-to-finding-your-home-decor-style,A Guide to Finding Your Home Decor Style,"inspiration,living-room-decor,minimalist-style,bohemian-style,design-principles, Decor for the home,Home Decor,Home decor items,Home Decor Styles,Home decor trends,home decor trends 2025,Home decoration,Home Inspiration,Scandinavian Style"
How To Find Your Perfect Home Decor Styles,how-to-find-your-perfect-home-decor-styles,Home Decor Styles: A Journey of Discovery,"how-to,living-room-decor,minimalist-style,scandinavian-style,interior-design-concepts, Home Decor Styles,Home decor trends,home decor trends 2025,Home decoration"
Top Decorations for Master Bedrooms to Elevate Your Space,top-decorations-for-master-bedrooms-to-elevate-your-space,Top Decorations for Master Bedrooms to Elevate Your Space,"styling-tips,bedroom-decor,minimalist-style,textiles,storage-solutions, art for bedrooms,Bedroom,Bedroom Art Ideas,Bedroom space Decor,bedroom wall art,Bedroom Wall Art Ideas,Black and White Wall Art for Bedroom,Calm Interiors,Decorations for Master Bedrooms,Guest Bedroom Decorating Ideas,how to decorate a really small bedroom,Relaxing bedroom decor"
Creative Dining Area Interiors to Inspire Your Home,creative-dining-area-interiors-to-inspire-your-home,Dining Area Interiors That Inspire Connection,"inspiration,dining-room-decor,contemporary-style,colour-psychology,rugs, dining room decor"
Guest Bedroom Decorating Ideas for a Warm and Welcoming Space,guest-bedroom-decorating-ideas-for-a-welcoming-space,Guest Bedroom Decorating Ideas to Make Guests Feel Welcome,"styling-tips,bedroom-decor,neutral-tones,textiles,lamps-lighting, Calm Interiors,Guest Bedroom Decorating Ideas,Guest Room"
Fun and Stylish Decorating Ideas for a Teenage Bedroom,fun-and-stylish-decorating-ideas-for-a-teenage-bedroom,Decorating Ideas for a Teenage Bedroom Makeover,"styling-tips,teens-decor,contemporary-style,storage-solutions, Decorating Ideas for a Teenage Bedroom,teenage bedroom decor ideas,wall art for teenagers"
Stylish Practical Decorating Tips for Family Room,stylish-practical-decorating-tips-for-family-room,Decorating Tips for Family Room You Will Love,"styling-tips,living-room-decor,contemporary-style,plants-pots,space-planning, custom family gifts,Decorating Tips for Family Room,Interior Design Tips,Personalised family gifts,Personalised family presents"
Creative Children's Room Wall Decorations to Brighten Their Space,creative-childrens-room-wall-decorations,Children's Room Wall Decorations to Spark Joy,"styling-tips,babies-kids-decor,minimalist-style,wallpaper,interior-design-concepts, Children's Room Wall Decorations,Kids Playroom decor,Nursery wall art,Wall art for Nursery,wall art for nursery boys,wall art for nursery ideas"
Fresh Ideas for Sitting Room Designs to Transform Your Space,fresh-ideas-for-sitting-room-designs-to-transform-your-space,Ideas for Sitting Room Designs for Ultimate Relaxation,"styling-tips,living-room-decor,contemporary-style,neutral-tones,lamps-lighting, Ideas for Sitting Room Designs,sitting room decor"
My Guide to Decorate a Powder Room with Style,my-guide-to-decorate-a-powder-room-with-style,Ways to Decorate a Powder Room with Flair,"how-to,bathroom-decor,contemporary-style,wallpaper,storage-solutions, Bathroom Decor,Decorating a Powder Room,dressing room,small bathroom wall art,Toilet"
What is Minimalist Art? The Beauty of Less is More,what-is-minimalist-art-the-beauty-of-less-is-more,What is Minimalist Art?: The Beauty of Less is More,"inspiration,living-room-decor,minimalist-style,interior-design-concepts, Decor for the home,Home Decor,Home Decor Styles,home decor trends 2025,Home decoration,Minimalist Décor"
Essential Tips for Gallery Wall Planning to Showcase Your Style,tips-for-gallery-wall-planning-to-showcase-your-style,Gallery Wall Planning: Tips for Perfect Arrangement,"styling-tips,living-room-decor,eclectic-style,interior-design-concepts,shelves, Gallery Wall Planning,Wall Art Gallery Layouts,Wall Gallery Layouts"
Creative Office Wall Design Ideas to Inspire Productivity,creative-office-wall-design-ideas-to-inspire-productivity,Office Wall Design Essentials for a Productive Space,"styling-tips,office-decor,minimalist-style,plants-pots,colour-psychology, art for an office wall,art for offices,home office decor,office decor ideas,Office Wall Design,prints for the office,Relaxing Workspaces,wall decoration office"
Creating a Stylish Retreat with black and white wall art for bedroom,creating-a-retreat-with-black-and-white-wall-art-for-bedroom,Black and White Wall Art for Bedroom Design Tips,"styling-tips,bedroom-decor,black-white,abstract-style,minimalist-style, Black and White Wall Art for Bedroom,Black and white Wall Decor,What colour goes with grey walls"
Chic Pink Room Ideas for a Stylish and Fun Space,chic-pink-preppy-room-ideas-for-a-stylish-and-fun-space,Pink Preppy Room: A Perfect Blend of Styles,"inspiration,bedroom-decor,preppy-style,pink-tones,wallpaper, Decorating Ideas for a Teenage Bedroom,Preppy Room Ideas,teenage bedroom decor ideas,wall art for teenagers"
Creative Wall Decor Ideas for Large Walls to Transform Your Space,wall-decor-ideas-for-large-walls-to-transform-your-space,Wall Decor Ideas for Large Walls to Transform Spaces,"styling-tips,living-room-decor,contemporary-style,shelves,mirrors, Gallery walls,Home Inspiration,Wall Decor Ideas for Large Walls"
Creative toilet decorations to Elevate Your Small Bathroom,creative-toilet-decorations-to-elevate-your-small-bathroom,Toilet Decorations That Transform Small Spaces,"styling-tips,bathroom-decor,minimalist-style,storage-solutions,abstract-style, Bathroom Art Ideas,Bathroom Decor,bathroom wall art,Black and white bathroom design,small bathroom wall art,Toilet"
Stylish Ideas for Your Perfect Dine In Room,stylish-ideas-for-your-perfect-dine-in-room,Stylish Ideas for Your Perfect Dine In Room,"styling-tips,contemporary-style,earth-toned,storage-solutions, Dining room decor"
Essential Tips for Man Decorating: Stylish Ideas for Every Space,essential-tips-for-man-decorating-stylish-ideas,Man Decorating Ideas for Your Personal Sanctuary,"styling-tips,living-room-decor,masculine-style,storage-solutions, first apartment essentials,Masculine Decor,small studio apartment decor"
How to Find Your Decorating Style: A Guide to Personalised Interiors,how-to-find-your-decorating-style,Discover how to find your decorating style,"how-to,living-room-decor,interior-design-concepts,bohemian-style,minimalist-style, Home Decor Styles,Home decor trends,home decor trends 2025,Home decoration,inspiration for home decor,Interior Design Tips"
Stylish man cave decorations for wall: Personalise Your Space,stylish-man-cave-decorations-for-wall-personalise-your-space,Man Cave Decorations for Wall: Unique Ideas,"styling-tips,bedroom-decor,industrial-style,shelves, games room decor,man cave,Masculine Decor"
How To Live A Minimalist Life And Thrive With Simplicity,how-to-live-a-minimalist-life-and-thrive-with-simplicity,How To Live A Minimalist Life And Thrive With Simplicity,"how-to,living-room-decor,minimalist-style,interior-design-concepts, Minimalist Décor"
Creative Study Room Decor Ideas to Boost Focus and Style,creative-study-room-decor-ideas-to-boost-focus-and-style,Study Room Decor Ideas That Energize Your Space,"styling-tips,office-decor,abstract-style,plants-pots,colour-psychology, home office decor,Office Wall Design,study room"
Stylish Bathroom En Suite Ideas to Elevate Your Space,stylish-bathroom-en-suite-ideas-to-elevate-your-space,Bathroom En Suite Ideas for Ultimate Relaxation,"styling-tips,bathroom-decor,contemporary-style,neutral-tones,storage-solutions, Bathroom Decor,small bathroom wall art,Small restroom decor ideas,Toilet"
My Friendly Guide to Designing a Playroom Your Kids Will Adore,designing-a-playroom-your-kids-will-adore,Designing a Playroom for Creative Adventures,"styling-tips,babies-kids-decor,neutral-tones,rugs,storage-solutions, Designing a Playroom,Kids Playroom decor"
Family Room Interiors to Inspire Comfort and Togetherness,family-room-interiors-to-inspire-comfort-and-togetherness,Family Room Interiors to Inspire Comfort and Togetherness,"styling-tips,living-room-decor,neutral-tones,rugs,interior-design-concepts, custom family gifts,Decorating Tips for Family Room,family room interiors,Personalised family gifts,Personalised family presents"
The Role of Wall Art in Mood Setting: Enhance Your Space with Style,the-role-of-wall-art-in-mood-setting-enhance-your-space-with-style,The Role of Wall Art in Mood Setting: Enhance Your Space with Style,"inspiration,living-room-decor,abstract-style,colour-psychology, role of wall art in mood setting,Wall Art Decor"
Smart Ways to Decorate a Professional Office for Style and Productivity,smart-ways-to-decorate-a-professional-office-for-style-and-productivity,Smart Ways to Decorate a Professional Office for Style and Productivity,"styling-tips,office-decor,contemporary-style,colour-psychology,lamps-lighting, decorate professional office,home office decor,Office Decor,office decor ideas,office wall art,role of color in office spaces"
How to Create a Relaxing Workspace: Practical Ways to Support Mental Health at Work,how-to-create-a-relaxing-workspace-practical-ways-to-support-mental-health-at-work,Supporting Mental Health at Work: How to Create a Calm and Relaxing Workspace,"styling-tips,office-decor,biophilic-style,colour-psychology,candles, home office decor,Relaxing Workspaces,supporting mental health at work"
Awesome Bedroom Ideas to Transform Your Space,awesome-bedroom-ideas-to-transform-your-space,Awesome Bedroom Ideas: Transform Your Space into a Personal Sanctuary,"styling-tips,bedroom-decor,interior-design-concepts,textiles,lamps-lighting, Awesome bedroom ideas,Decorations for Master Bedrooms,Guest Bedroom Decorating Ideas,how to decorate a really small bedroom,interior design ideas bedrooms,Master Bedroom wall decor"
Inspiring Interior Design Ideas for Bedrooms: Creating Your Calm Sanctuary,interior-design-ideas-for-bedrooms-creating-your-sanctuary,Interior Design Ideas for Bedrooms: Create a Calm Sanctuary,"inspiration,bedroom-decor,neutral-tones,textiles,abstract-style, above the bed decor,Decorations for Master Bedrooms,Guest Bedroom Decorating Ideas,interior design ideas bedrooms,Main bedroom decoration,Master Bedroom wall decor,Modern master bedroom decor ideas,Relaxing bedroom decor,wall art for bedrooms"
Creative Ideas for a Fun and Functional Childrens Bedroom,creative-ideas-for-a-fun-and-functional-childrens-bedroom,Childrens Bedroom Ideas: Creative & Functional Design Tips,"styling-tips,bedroom-decor,storage-solutions,textiles,interior-design-concepts, Children's Room Wall Decorations,childrens bedroom,Kids Playroom decor,Wall art for Nursery,wall art for nursery boys,wall art for nursery ideas"
Stylish Ideas for Lounge: Create Comfort and Elegance,stylish-ideas-for-lounge-to-create-comfort-and-elegance,"Ideas for Lounge: Stylish, Cosy & Functional Living Spaces","styling-tips,living-room-decor,minimalist-style,neutral-tones,rugs, ideas for lounge,Lounge rooms,Minimalist Décor,wall art for living room,Wall art pictures for living room,Wall arts for living room,what is minimalist wall art"
Coastal decor bedroom ideas:  How to style this new trend it?,coastal-decor-bedroom-ideas-how-to-style-it,Coastal Decor Bedroom Ideas for a Serene Retreat,"styling-tips,bedroom-decor,coastal-style,pastel-tones,rugs, Coastal decor home,Coastal decor ideas on a budget"
What to do when your home lacks natural light: Decorate living room wall hangings,decorate-living-room-wall-hangings,Decorate Living Room Wall Hangings to Brighten Space,"styling-tips,living-room-decor,pastel-tones,sculptures,interior-design-concepts, prints for living room,wall art for living room,Wall art pictures for living room,Wall arts for living room"
What interior stylists predict for the next 5 years: Home decor design trends,the-next-5-years-home-decor-design-trends,Home Decor Design Trends for Sustainable Living,"trend-report,living-room-decor,minimalist-style,interior-trends,colour-theory, Home Decor,Home decor items,Home decoration,Relaxing Home decoration"
Using wall art to complement color schemes in bedrooms,using-wall-art-to-complement-color-schemes-in-bedrooms,Color Schemes Bedroom for a Relaxing Atmosphere,"styling-tips,bedroom-decor,colour-psychology,textiles, Bedroom,Bedroom Art Ideas,Bedroom space Decor,bedroom wall art,Bedroom Wall Art Ideas,Master Bedroom wall decor,Relaxing bedroom decor,wall art for bedrooms"
The new neutrals trend:  Beyond beige modern wall arts,the-new-neutrals-trend-beyond-beige-modern-wall-arts,The new neutrals trend:  Beyond beige modern wall arts,"styling-tips,living-room-decor,minimalist-style,neutral-tones,colour-psychology, Colour Trends,Earth tone colors,Greige colours,What colour goes with grey walls"
The case for empty spaces: When less truly is more,the-case-for-empty-spaces-when-less-truly-is-more,The case for empty spaces: When less truly is more,"styling-tips,living-room-decor,minimalist-style,wall-art,interior-design-concepts, Home Decor,Home decor items,Home decoration"
Style trends: Add a dash of drama with the wild side look for your home,style-trends-add-a-dash-of-drama-with-the-wild-side-look,Style Trends: Embrace the Wild Side Look,"inspiration,living-room-decor,wildlife-style,earth-toned,sculptures, Atmosphere with Art,Decor for the home,decor trends,Home Decor,Home decor items,Home decoration,Interior Decor,Interior Design,Wild life Decor"
Fresh interior decor ideas for living room updates,fresh-interior-decor-ideas-for-living-room-updates,Interior Decor Ideas for Living Room Makeover,"inspiration,living-room-decor,contemporary-style,colour-psychology,textiles, prints for living room,wall art for living room,Wall art pictures for living room,Wall arts for living room"
Solving lighting challenges when using a Deep Winter colour palette,lighting-challenges-when-using-a-deep-winter-colour-palette,Deep Winter Colour Palette Secrets for Vibrant Lighting,"styling-tips,interior-design-concepts,living-room-decor,lamps-lighting, Colour Trends"
Solving last minute gifting with elegant Xmas decorations personalised,last-minute-gifting-with-xmas-decorations-personalised,Xmas Decorations Personalised: Perfect Last-Minute Ideas,"gift-ideas,dining-room-decor,contemporary-style,decor-mistakes, Christmas decor ideas,christmas wall decor ideas,custom family gifts,Personalised family gifts,Wall decor christmas,Xmas decor"
Solving focal point issues with the right Sitting room art,solving-focal-point-issues-with-the-right-sitting-room-art,Solving focal point issues with the right Sitting room art,"styling-tips,living-room-decor,abstract-style,interior-design-concepts,plants-pots, sitting room decor,wall art for living room,Wall art pictures for living room,Wall arts for living room"
Solving dull vibes: Add personality with easy dining room decor,add-personality-with-easy-dining-room-decor,Enhance Your Dining Room Decor for a Personalized Touch,"styling-tips,colour-psychology,wallpaper,tableware,contemporary-style, dining room decor"
The clash of 2025: Bold vs Muted color trends in home decor,bold-vs-muted-color-trends,Bold vs Muted color trends in Home decor,"trend-report,living-room-decor,colour-combinations,neutral-tones, Colour Trends"
How to use decor to improve daily habits,how-to-use-decor-to-improve-daily-habits-textbuilder,Daily Habits to Foster Mindfulness at Home,"how-to,living-room-decor,colour-psychology,storage-solutions,minimalist-style, Home Decor,Home decoration,Relaxing Home decoration"
How to use a Nursery Decor style that grows with your child,how-to-use-a-nursery-decor-style-that-grows-with-your-child,How to use a Nursery Decor style that grows with your child,"styling-tips,babies-kids-decor,neutral-tones,storage-solutions,interior-design-concepts, nursery prints girl,Nursery wall art,Personalised nursery wall art,set of 3 nursery prints,Wall art for Nursery,wall art for nursery boys,wall art for nursery ideas"
How to hang wall art for stairs without a straight wall,how-to-hang-wall-art-for-stairs-without-a-straight-wall,How to hang wall art for stairs without a straight wall,"how-to,hallway-decor,minimalist-style,wallpaper, Stairs Decor"
How to add personality without overstimulating young minds: Nursery Colours,how-to-add-personality-with-nursery-colours,Nursery Colours to create a Calm Atmosphere,"styling-tips,babies-kids-decor,pastel-tones,interior-design-concepts,textiles, nursery prints girl,Nursery wall art,Personalised nursery wall art,set of 3 nursery prints,Wall art for Nursery,wall art for nursery boys,wall art for nursery ideas"
Fixing a room with too much Neutral Tones,fixing-a-room-with-too-much-neutral-tones,Fixing a room with too much Neutral Tones,"styling-tips,living-room-decor,minimalist-style,neutral-tones,interior-design-concepts, Neutral Wall Decor"
Earth inspired living:  The volcano and forest palettes down to earth colour trends,earth-inspired-living-the-down-to-earth-colour-trends,Down to Earth Colour Trends That Ground Your Space,"inspiration,living-room-decor,earth-toned,textiles,interior-trends, Earth tone colors,Earth tone wall decor"
Do beige and grey go together? Here's how to make it work…,do-beige-and-grey-go-together-heres-how-to-make-it-work,Do Beige and Grey Go Together When Decorating?,"styling-tips,bedroom-decor,living-room-decor,neutral-tones,interior-design-concepts, Colour Trends,Greige colours,Neutral Wall Decor,What colour goes with grey walls"
Designing a living room decor wall space,designing-a-slow-living-room-decor-wall-space,Slow Living room Decor wall: Create a Cozy Retreat,"styling-tips,living-room-decor,minimalist-style,earth-toned,plants-pots, prints for living room,wall art for living room,Wall art pictures for living room,Wall arts for living room"
Designing a clutter free kids playroom: Childrens Playroom ideas,designing-a-kids-playroom-childrens-playroom-ideas,Designing a clutter free playroom: Childrens Playroom ideas,"styling-tips,babies-kids-decor,storage-solutions,colour-psychology,pastel-tones, Kids Playroom decor,nursery prints girl,Nursery wall art,Wall art for Nursery,wall art for nursery boys,wall art for nursery ideas"
Decor for Nursery Wall that stimulates without overwhelming,decor-for-nursery-wall-that-stimulates-without-overwhelming,Decor for Nursery Wall that stimulates without overwhelming,"styling-tips,babies-kids-decor,minimalist-style,colour-psychology, Personalised nursery wall art,Wall art for Nursery,wall art for nursery ideas"
Creating a Gallery wall feel in a small flat,creating-a-gallery-wall-feel-in-a-small-flat,Creating a Gallery wall feel in a small flat,"styling-tips,living-room-decor,scandinavian-style,shelves, Gallery walls,Wall Gallery Layouts"
Common mistakes in Colour schemes living room designers avoid,mistakes-in-colour-schemes-living-room-designers-avoid,Usual mistakes in Colour schemes living room designers avoid,"styling-tips,living-room-decor,interior-design-concepts,colour-theory, Colour Trends"
Rental Decor: How to Make a Rental Feel Like Home Without Getting in Trouble,how-to-make-a-rental-decor-feel-like-home,Rental Decor: Making Your Space Feel Unique,"styling-tips,living-room-decor,bedroom-decor,kitchen-decor,textiles, Rental homes"
Solving Extra Large Wall Art placement anxiety where and how to hang,solving-extra-large-wall-art-placement-where-to-hang,Solving Extra Large Wall Art placement: where to hang,"styling-tips,living-room-decor,contemporary-style,interior-design-concepts,rugs, Large Wall Art"
Wall Art for Living Room: Inspiring Ideas and Expert Tips,wall-art-for-living-room-inspiring-ideas-tips,Wall Art for Living Room: Inspiring Ideas and Expert Tips,"styling-tips,living-room-decor,interior-design-concepts,abstract-style, wall art for living room"
Modern Wall Art Ideas to Refresh Any Space,modern-wall-art-ideas,Modern Wall Art Ideas to Refresh Any Space,"styling-tips,living-room-decor,abstract-style,minimalist-style,plants-pots, modern wall art ideas"
Art for Offices: Inspiring Ideas for Every Workspace,art-for-offices-inspiring-ideas-for-every-workspace,Art for Offices: Inspiring Ideas for Every Workspace,"styling-tips,office-decor,abstract-style,contemporary-style,interior-design-concepts, art for offices"
What is Wall Art? A Complete Guide to Transforming Your Space,what-is-wall-art-guide,What is Wall Art? Complete Guide to Transforming Your Space,"how-to,interior-design-concepts,living-room-decor,abstract-style,sculptures, what is wall art"
Stylish Prints for Living Room: Inspire Your Space,prints-for-living-room,Prints for Living Room Design Tips and Ideas,"inspiration,living-room-decor,contemporary-style,abstract-style,colour-psychology, prints for living room"
Canvas Paintings for Living Room: Stylish Ideas and Tips,canvas-paintings-for-living-room,Canvas Paintings for Living Room: Stylish Ideas and Tips,"styling-tips,living-room-decor,abstract-style,colour-psychology, canvas painting for living room"
10 Popular Types of Wall Art for Every Space,types-of-wall-art,10 Popular Types of Wall Art for Every Space,"inspiration,living-room-decor,interior-design-concepts,sculptures, types of wall art"
Essential Tips for Moving House: A Stress-Free Guide,essential-tips-for-moving-house,Essential Tips for Moving House: A Stress-Free Guide,"how-to,space-planning,kitchen-decor,bedroom-decor,storage-solutions, tips for moving house"
How to Choose the Perfect Art for Bedrooms,how-to-choose-art-for-bedrooms,How to Choose the Perfect Art for Bedrooms,"how-to,bedroom-decor,minimalist-style,sculptures,colour-psychology, art for bedrooms"
How I Used Canvas Pictures for Living Rooms to Create My Calm Sanctuary,how-i-used-canvas-pictures-for-living-rooms,Canvas Pictures for Living Rooms That Inspire Calm,"styling-tips,living-room-decor,minimalist-style,abstract-style,colour-psychology, Calm Interiors,canvas painting for living room,canvas wall art,Relaxing Home decoration"
Creating Calm with Minimalist Living Decor,creating-calm-with-minimalist-living-decor,Creating Calm with Minimalist Living Decor,"styling-tips,living-room-decor,minimalist-style,earth-toned,interior-design-concepts, Japandi Living room,Japandi style,Japanese wall art,Minimalist Décor"
First Apartment Essentials: Ultimate Guide for Every Home,first-apartment-essentials-ultimate-guide,First Apartment Essentials: Ultimate Guide for Every Home,"buying-guide,bedroom-decor,kitchen-decor,storage-solutions,minimalist-style, first apartment essentials,tips for moving house"
How to Hang Art: Easy Steps for Perfect Display,how-to-hang-art-easy-steps-for-perfect-display,How to Hang Art: Easy Steps for Perfect Display,"how-to,living-room-decor,interior-design-concepts, how to decorate a really small bedroom,how to decorate bathtub,how to decorate hallways,how to hang art"
Understanding Wall Art Size Guide for Your Space,understanding-wall-art-size-guide,Understanding Wall Art Size Guide for Your Space,"styling-tips,living-room-decor,interior-design-concepts,design-principles, wall art size guide,What frame size do i need"
8 Smart Small Space Decorating Ideas for Your Home,small-space-decorating-ideas-8-smart-ideas,Small Space Decorating Ideas for Every Corner,"how-to,bedroom-decor,minimalist-style,storage-solutions,interior-design-concepts, how to decorate a really small bedroom,small bathroom wall art,Small restroom decor ideas,small space decorating ideas,small studio apartment decor"
7 Soothing Color Palettes for Your Home and Office,soothing-color-palettes-7,7 Soothing Color Palettes for Your Home and Office,"inspiration,bedroom-decor,office-decor,colour-psychology,home-decor-theory, Colour Trends,soothing color palettes"
What is Canvas Art? Understanding the Beauty and Impact,what-is-canvas-art,What is Canvas Art? Understanding the Beauty and Impact,"inspiration,living-room-decor,contemporary-style,interior-design-concepts, canvas painting for living room,canvas wall art,what is canvas art"
10 Office Decor Ideas to Boost Your Productivity,office-decor-ideas-10,10 Office Decor Ideas to Boost Your Productivity,"styling-tips,office-decor,contemporary-style,plants-pots,colour-psychology, art for an office wall,art for offices,home office decor,Office Decor,office decor ideas,office wall art,prints for the office,wall decoration office"
Understanding the Role of Art in Interior Design,understanding-art-in-interior-design,Art in Interior Design: A Powerful Connection,"how-to,interior-design-concepts,living-room-decor, art in interior design,Interior Decor,interior decorating terms,Interior Design"
7 Home Decor Trends 2025 You Need to Know Now,home-decor-trends-2025-7,7 Home Decor Trends 2025 You Need to Know Now,"trend-report,scandinavian-style,interior-trends,storage-solutions,bold-colours, Home Decor,Home decor items,home decor trends 2025,Home decoration,inspiration for home decor,Interior Decor,interior decorating terms"
Understanding Interior Decorating Terms for Everyone,understanding-interior-decorating-terms,Interior Decorating Terms You Should Know,"inspiration,interior-design-concepts,colour-psychology,living-room-decor,contemporary-style, art in interior design,Interior Decor,interior decorating terms,Interior Design"
7 Essential Tips for Wall Art Hanging Systems,7-essential-tips-for-wall-art-hanging-systems,Wall Art Hanging Systems for Every Wall Type,"how-to,living-room-decor,interior-design-concepts, how to hang art,wall art hanging systems"
7 Inspiring Tips for Nature Inspired Wall Art,nature-inspired-wall-art-7-tips,Nature Inspired Wall Art: A Breath of Fresh Air,"styling-tips,living-room-decor,earth-toned,plants-pots,interior-design-concepts, nature inspired wall art,nature-inspired art"
Old Money Style Interiors: Classic Design Trends That Never Fade,old-money-style-interiors-classic-design-trends,Old Money Style Interiors: Timeless Elegance & Classic Design,"inspiration,old-money-style,living-room-decor,neutral-tones,interior-design-concepts, Elegant Home Decor,Home Decor Styles,Mid Century Modern Art,Timeless Interiors,Traditional Style"
Interior Design of House: Transform Your Home with Calm Wall Art,transform-your-interior-design-of-house-how-wall-art-creates-a-calm-home,Interior Design of House: Stylish Ideas to Transform Your Home,"styling-tips,living-room-decor,minimalist-style,plants-pots,neutral-tones, Calm Home,Calm Interiors,Interior Design,Interior Design of House,Japandi,Minimalist Decor,Wall Art"
List of Interior Design Styles: Find the Perfect Look for Your Home,list-of-interior-design-styles-find-the-perfect-look-for-your-home,List of Interior Design Styles: Find the Perfect Look for Your Home,"inspiration, living-room-decor, contemporary-style, minimalist-style, interior-design-concepts, Home Decor Styles,List of Interior Design Styles"
Year-Round Decor Ideas You Don't Need to Pack Away,year-round-decor-ideas-you-dont-need-to-pack-away,Year-Round Decor Ideas: Timeless Style for Every Season ,"inspiration,living-room-decor,minimalist-style,textiles,mirrors, Home Decor,Interior Design,Neutral Decor,Sustainable Living,Timeless Interiors,Year-Round Decor"
Desert Brown Decor: Warm Neutral Ideas Inspired by the Desert,desert-brown-decor-warm-neutral-ideas-inspired-by-the-desert,Desert Brown Decor: Warm Neutral Ideas Inspired by the Desert,"inspiration,living-room-decor,neutral-tones,textiles, bohemian style,desert brown decor,desert inspired,earthy tones,natural materials,terracotta decor,warm neutral decor"
Home Trotters Style: Travel-Inspired Decor Ideas for Every Room,home-trotters-style-travel-inspired-decor-ideas-for-every-room,Home Trotters Style: Travel-Inspired Decor Ideas for Every Room,"inspiration,living-room-decor,travel-style,mediterranean-style,moroccan-style, global style,home trotters,Mediterranean decor,Moroccan decor,travel inspired decor,travel wall art,wanderlust decor"
"Quirky Kitchen Wall Art Ideas for Fun, Lived-In Spaces",quirky-kitchen-wall-art-ideas-for-fun-lived-in-spaces,"Quirky Kitchen Wall Art Ideas for Fun, Lived-In Spaces","styling-tips,kitchen-decor,eclectic-style,wall-panels, botanical prints,coffee prints,eclectic decor,food illustrations,kitchen wall art,quirky kitchen wall art,vintage kitchen"
Multi-Use Room Ideas: Smart Zoning for Small Homes,multi-use-room-ideas-smart-zoning-for-small-homes,Multi-Use Room Ideas: Smart Zoning for Small Homes,"styling-tips,living-room-decor,space-planning,storage-solutions, contemporary design,dual purpose furniture,functional spaces,multi use,room zoning,small homes,space saving"
How to Create a Focal Point Gallery Wall in Any Room,how-to-create-a-focal-point-gallery-wall-in-any-room,How to Create a Focal Point Gallery Wall in Any Room,"how-to,living-room-decor,bedroom-decor,dining-room-decor,interior-styling-frameworks, focal point gallery,gallery wall,home decor,interior design,japandi style,wall arrangement,wall art display"
Modern Art Deco Home Decor: Glam 1920s-Style Ideas for Modern Homes,art-deco-home-decor-glam-1920s-style-ideas-for-modern-homes,Modern Art Deco Home Decor: Glam 1920s-Style Ideas for Modern Homes,"inspiration,living-room-decor,contemporary-style,gold-accents,wallpaper, 1920s decor,art deco home decor,art deco style,geometric patterns,gold accents,luxe interiors,modern glam"
Art Inspired by Nature: Ways to Bring the Outdoors Inside,art-inspired-by-nature-ways-to-bring-the-outdoors-inside,Art Inspired by Nature: Ways to Bring the Outdoors Inside,"inspiration,biophilic-style,earth-toned,interior-design-concepts,living-room-decor, art inspired by nature,botanical prints,farmhouse style,floral art,landscape art,nature art,organic decor"
Art Moderne Home Decor: Streamlined 1930s-Inspired Design Ideas,art-moderne-home-decor-streamlined-1930s-inspired-design-ideas-1,Art Moderne Home Decor: Streamlined 1930s-Inspired Design Ideas,"inspiration,living-room-decor,contemporary-style,mirrors, 1930s design,art moderne home decor,chrome accents,curved furniture,modern glam,nautical style,streamline moderne"
"Asian Home Decor Ideas for Tranquil, Nature-Led Interiors",asian-home-decor-ideas-for-tranquil-nature-led-interiors,"Asian Home Decor Ideas for Tranquil, Nature-Led Interiors","styling-tips,living-room-decor,neutral-tones,plants-pots,scandinavian-style, asian decor,bamboo decor,japandi style,minimalist design,natural materials,tranquil interiors,zen aesthetic"
Bathroom Wall Decor Ideas for Spa-Like Spaces,bathroom-wall-decor-ideas-for-spa-like-spaces,Bathroom Wall Decor Ideas for Spa-Like Spaces,"styling-tips,bathroom-decor,coastal-style,abstract-style,plants-pots, bathroom decor wall ideas,bathroom design,bathroom wall art,botanical prints,coastal decor,spa bathroom,wall decor"
The Best Art for Bedrooms: Relaxing Pieces and Placement Tips,the-best-art-for-bedrooms-relaxing-pieces-and-placement-tips,The Best Art for Bedrooms: Relaxing Pieces and Placement Tips,"styling-tips,bedroom-decor,minimalist-style,neutral-tones,interior-design-concepts, bedroom design,bedroom wall art,best art for bedroom,calming art,relaxing art,sleep decor"
Warm Minimalism: How to Create a Calm Yet Cosy Home ,warm-minimalism-how-to-create-a-calm-yet-cosy-home,Warm Minimalism: How to Create a Calm Yet Cosy Home,"styling-tips,living-room-decor,minimalist-style,neutral-tones,plants-pots, Cosy Minimalism,Home Decor Trends,Minimalist Home Decor,Natural Materials,Neutral Home Decor,Warm Minimalism"
Black and White Art Styles and How to Use Them at Home,black-and-white-art-styles-and-how-to-use-them-at-home,Black and White Art Styles and How to Use Them at Home,"styling-tips,black-white,living-room-decor,bedroom-decor,interior-design-concepts, Art Styling,Black and White Art,Home Decor,Minimalist Art,Monochrome Art,Wall Art Styles"
Calming Home Decor Ideas for a Stress-Free Space,calming-home-decor-ideas-for-a-stress-free-space,Calming Home Decor Ideas for a Stress-Free Space,"styling-tips,living-room-decor,bedroom-decor,minimalist-style,neutral-tones, Calming Home Decor,Home Decor Trends,Neutral Decor,Peaceful Interiors,Stress-Free Living,Zen Home"
Children's Room Picture Ideas to Inspire Imagination,childrens-room-picture-ideas-to-inspire-imagination,Children's Room Picture Ideas to Inspire Imagination,"styling-tips,babies-kids-decor,interior-design-concepts,colour-psychology, Children's Decor,Children's Room Pictures,Educational Art,Home Decor,Kids Room Decor,Nursery Wall Art"
Entryway Decor Ideas for a Welcoming First Impression,entryway-decor-ideas-for-a-welcoming-first-impression,Entryway Decor Ideas for a Welcoming First Impression,"styling-tips,hallway-decor,mirrors,storage-solutions,interior-design-concepts, Console Tables,Entryway Decor,First Impressions,Hallway Styling,Home Decor,Home Organisation"
"Coastal Home Decor: Light, Breezy Ideas for a Beach-Inspired Home",coastal-home-decor-light-breezy-ideas-for-a-beach-inspired-home,"Coastal Home Decor: Light, Breezy Ideas for Beach-Inspired Homes","inspiration,coastal-style,living-room-decor,blue-tones, Beach-Inspired,Coastal Home Decor,Coastal Style,Home Decor Trends,Light Interiors,Natural Textures"
"Kitchen Trends for 2026: Colours, Layouts and Must-Have Features",kitchen-trends-for-2026-colours-layouts-and-must-have-features,"Kitchen Trends for 2026: Colours, Layouts & Must-Have Features","trend-report,kitchen-decor,earth-toned,storage-solutions,interior-trends, 2026 Trends,Home Decor,Kitchen Colours,Kitchen Design,Kitchen Trends,Sustainable Kitchens"
Children's Room Wall Art Ideas for Every Age and Interest,childrens-room-wall-art-ideas-for-every-age-and-interest,Children's Room Wall Art Ideas for Every Age and Interest,"styling-tips,babies-kids-decor,interior-design-concepts,wallpaper, Age-Appropriate Art,Children's Bedroom,Children's Room Wall Art,Home Decor,Kids Room Decor,Nursery Wall Art"
Toilet Decor Ideas to Instantly Upgrade a Small Bathroom,toilet-decor-ideas-to-instantly-upgrade-a-small-bathroom,Toilet Decor Ideas to Instantly Upgrade a Small Bathroom,"styling-tips,bathroom-decor,storage-solutions,mirrors,neutral-tones, Bathroom Decor,Bathroom Design,Home Decor,Small Bathroom,Space-Saving,Toilet Decor Ideas"
"Farmhouse Living Room Ideas for Cosy, Rustic Style",farmhouse-living-room-ideas-for-cosy-rustic-style,"Farmhouse Living Room Ideas for Cosy, Rustic Style","styling-tips,living-room-decor,farmhouse-style,neutral-tones,textiles, Cosy Interiors,Farmhouse Decor,Farmhouse Living Room,Home Decor,Living Room Ideas,Rustic Style"
"Minimalist Bedroom Decor Ideas for Calm, Restful Nights",minimalist-bedroom-decor-ideas-for-calm-restful-nights,"Minimalist Bedroom Decor Ideas for Calm, Restful Nights","styling-tips,bedroom-decor,minimalist-style,neutral-tones,storage-solutions, Bedroom Decor,Better Sleep,Calm Interiors,Home Decor,Minimalist Bedroom,Minimalist Design"
Preppy Decorating Style: How to Bring This Classic Look Into Your Home,preppy-decorating-style-how-to-bring-this-classic-look-into-your-home,Preppy Decorating Style: How to Bring This Classic Look Into Your Home,"styling-tips,living-room-decor,preppy-style,wallpaper, Old Money style Interiors,Preppy Decorating Style,Preppy Room Ideas"
Masculine Home Decor: Stylish Ideas to Elevate Any Modern Space,masculine-home-decor-stylish-ideas-to-elevate-any-modern-space,Masculine Home Decor: Stylish Ideas to Elevate Any Modern Space,"styling-tips,living-room-decor,masculine-style,interior-design-concepts, Masculine Decor,masculine home decor"
How Can Dining Room Galleries Transform Your Meals?,how-can-dining-room-galleries-transform-your-meals,How Can Dining Room Galleries Transform Your Meals?,"styling-tips,dining-room-decor,eclectic-style,wallpaper,colour-theory, Dining room decor,dining room galleries"
How Can You Make Large Dining Rooms Feel More Inviting?,how-can-you-make-large-dining-rooms-feel-more-inviting,How Can You Make Large Dining Rooms Feel More Inviting?,"styling-tips,dining-room-decor,contemporary-style,lamps-lighting,rugs, Dining room decor,Large Dining Rooms"
Stylish Family Area Ideas for a Cosy and Functional Home,stylish-family-area-ideas-for-a-cosy-and-functional-home,Stylish Family Area Ideas for a Cosy and Functional Home,"inspiration,living-room-decor,contemporary-style,storage-solutions,interior-design-concepts, Family Area Ideas,family room interiors"
A Guide to a Different Type of Interior Design for a Calming Home,a-guide-to-a-different-type-of-interior-design-for-a-calming-home,A Guide to a Different Type of Interior Design for a Calming Home,"inspiration,living-room-decor,transitional-style,scandinavian-style,interior-design-concepts, Different Type of Interior Design"
How Can Man Cave Decor Create Your Perfect Personal Sanctuary?,how-can-man-cave-decor-create-your-perfect-personal-sanctuary,How Can Man Cave Decor Create Your Perfect Personal Sanctuary?,"styling-tips,living-room-decor,contemporary-style,mirrors,wallpaper, man cave decor,Masculine Decor"
How Can Home Decor Modern Accessories Transform Your Space?,how-can-home-decor-modern-accessories-transform-your-space,How Can Home Decor Modern Accessories Transform Your Space?,"styling-tips,living-room-decor,contemporary-style,sculptures,design-principles, home decor modern accessories,Relaxing Workspaces"
How Can You Create a Stylish Interior for Dining Room?,how-can-you-create-a-stylish-interior-for-dining-room,How Can You Create a Stylish Interior for Dining Room?,"styling-tips,dining-room-decor,contemporary-style,storage-solutions,lamps-lighting, Dining room decor,Interior for Dining room"
My Guide to the Top Interior Decorating Trends 2026,my-guide-to-the-top-interior-decorating-trends-2026,My Guide to the Top Interior Decorating Trends 2026,"trend-report,living-room-decor,contemporary-style,biophilic-style,interior-trends, Home decor trends,Interior Decorating Trends 2026"
How Can Current Interior Design Trends Help Create a Calmer Home?,how-can-current-interior-design-trends-help-create-a-calmer-home,How Can Current Interior Design Trends Help Create a Calmer Home?,"styling-tips,living-room-decor,biophilic-style,earth-toned,colour-psychology, Current Interior Design Trends,Japandi home decor"
Your Ultimate Interior Styles List for a Beautiful Home,your-ultimate-interior-styles-list-for-a-beautiful-home,Your Ultimate Interior Styles List for a Beautiful Home,"inspiration,living-room-decor,transitional-style,eclectic-style,interior-design-concepts, Interior Styles List,Scandinavian Style"
Stylish Behind Toilet Decor: 5 Ideas to Transform Your Small Bathroom,stylish-behind-toilet-decor-5-ideas-to-transform-your-small-bathroom,Stylish Behind Toilet Decor: 5 Ideas to Transform Your Small Bathroom,"styling-tips,bathroom-decor,plants-pots,wallpaper,storage-solutions, Bathroom Decor,behind toilet decor"
How To Use Current Wall Colour Trends For A Truly Calming Home,how-to-use-current-wall-colour-trends-for-a-truly-calming-home,How To Use Current Wall Colour Trends For A Truly Calming Home,"how-to,living-room-decor,bedroom-decor,colour-psychology,neutral-tones, Calm Interiors,Current Wall Colour Trends"
How to Make a Breakfast Nook That’s Both Cosy and Chic,how-to-make-a-breakfast-nook-that-s-both-cosy-and-chic,How to Make a Breakfast Nook That’s Both Cosy and Chic,"how-to,breakfast-nook-decor,storage-solutions,textiles,interior-design-concepts, Calm Interiors,Make a Breakfast Nook"
My Guide to Guy Home Decor: Creating a Stylish Masculine Home,my-guide-to-guy-home-decor-creating-a-stylish-masculine-home,My Guide to Guy Home Decor: Creating a Stylish Masculine Home,"styling-tips,living-room-decor,masculine-style,interior-design-concepts,lamps-lighting, Guy Home Decor,Masculine Decor"
What Are The Key Home Interior Trends 2026 For Living Rooms?,what-are-the-key-home-interior-trends-2026-for-living-rooms,What Are The Key Home Interior Trends 2026 For Living Rooms?,"trend-report,living-room-decor,biophilic-style,earth-toned, Home decor trends,Home Interior Trends 2026"
How I Use Wall Art to Create a Calm and Productive Home Office,how-i-use-wall-art-to-create-a-calm-and-productive-home-office,How I Use Wall Art to Create a Calm and Productive Home Office,"styling-tips,office-decor,abstract-style,biophilic-style,plants-pots, decorate professional office,home office decor,Productive Home Office,Relaxing Workspaces"
Earthy Neutrals: How to Create a Calming Sanctuary in Your Home,earthy-neutrals-how-to-create-a-calming-sanctuary-in-your-home,Earthy Neutrals: How to Create a Calming Sanctuary in Your Home,"styling-tips,living-room-decor,neutral-tones,abstract-style,rugs, Earthy Neutrals,Minimalist Décor"
Using Black Accents To Add Drama And Depth To Your Home,using-black-accents-to-add-drama-and-depth-to-your-home,Using Black Accents To Add Drama And Depth To Your Home,"styling-tips,living-room-decor,black-white,contemporary-style,interior-design-concepts, Black accents,Home Decor Styles"
Define Minimalism: Understanding the Art of Simple Living and Design,define-minimalism-understanding-the-art-of-simple-living-and-design,Define Minimalism: Understanding the Art of Simple Living and Design,"how-to,living-room-decor,minimalist-style,neutral-tones,design-principles, Define Minimalism,Minimalist Décor"
Decorating Above Toilet: Stylish Ideas to Elevate Your Bathroom,decorating-above-toilet-stylish-ideas-to-elevate-your-bathroom,Decorating Above Toilet: Stylish Ideas to Elevate Your Bathroom,"styling-tips,bathroom-decor,contemporary-style,plants-pots,decor-mistakes, Bathroom Decor,Decorating Above Toilet"
Dark Moody Hues: How to Add Drama and Depth to Your Interiors,dark-moody-hues-how-to-add-drama-and-depth-to-your-interiors,Dark Moody Hues: How to Add Drama and Depth to Your Interiors,"styling-tips,living-room-decor,bedroom-decor,contemporary-style,colour-psychology, Dark Moody Hues,Home Decor Styles"
Luxurious Retreats: Creating Opulent and Relaxing Spaces at Home,luxurious-retreats-creating-opulent-and-relaxing-spaces-at-home,Luxurious Retreats: Creating Opulent and Relaxing Spaces at Home,"styling-tips,living-room-decor,contemporary-style,neutral-tones,textiles, Calm Interiors,Luxurious Retreats"
Stylish Solutions for Your Modern Ensuite Bathroom Suite,stylish-solutions-for-your-modern-ensuite-bathroom-suite,Stylish Solutions for Your Modern Ensuite Bathroom Suite,"styling-tips,bathroom-decor,minimalist-style,neutral-tones,mirrors, Bathroom Decor,Ensuite Bathroom Suite"
How to Create a Gallery Wall: Simple Steps to Transform Any Room,how-to-create-a-gallery-wall-simple-steps-to-transform-any-room,How to Create a Gallery Wall: Simple Steps to Transform Any Room,"how-to,living-room-decor,interior-design-concepts,mirrors, Gallery Wall Planning,How to Create a Gallery Wall"
Stylish Ideas For Your Smallest Room: Easy Decoration for Toilet,stylish-ideas-for-your-smallest-room-easy-decoration-for-toilet,Stylish Ideas For Your Smallest Room: Easy Decoration for Toilet,"styling-tips,bathroom-decor,wallpaper,shelves,storage-solutions, Bathroom Decor,Decoration for Toliet"
Inspiring Main Bedroom Decoration Ideas for Comfort and Style,main-bedroom-decoration-ideas-for-comfort-and-style,Main Bedroom Decoration: Create a Calm & Personal Sanctuary,"styling-tips,bedroom-decor,contemporary-style,textiles,colour-combinations, bedroom wall art,Decorations for Master Bedrooms,interior design ideas bedrooms,Main bedroom decoration,Master Bedroom wall decor,Modern master bedroom decor ideas,Relaxing bedroom decor"
Stylish Powder Room Bathroom Decorating Ideas to Elevate Your Space,stylish-powder-room-bathroom-decorating-ideas-to-elevate-your-space,Powder Room Bathroom Decorating Ideas: Stylish Tips to Elevate Your Space,"styling-tips,bathroom-decor,scandinavian-style,wallpaper, Bathroom Art Ideas,Bathroom Decor,bathroom wall art,powder room bathroom decorating ideas"
Decorating Trend:  Japandi Style - How To Create A Calm Home,decorating-trend-japandi-style-how-to-create-a-calm-home,Decorating Trend: Japandi Style & How to Create a Calm Home,"inspiration,living-room-decor,japandi-style,neutral-tones,plants-pots, decorating trend,Japandi home decor,Japandi Living room,Japandi style"
Nice Sitting Room Designs to Inspire Comfort and Style,nice-sitting-room-designs-to-inspire-comfort-and-style,Nice Sitting Room Designs to Inspire Comfort and Style,"inspiration,living-room-decor,contemporary-style,neutral-tones,plants-pots, nice sitting room designs,prints for living room,wall art for living room,Wall art pictures for living room,Wall arts for living room"
What is Typographic Art: Exploring Words as Visual Design,what-is-typographic-art-exploring-words-as-visual-design,What is Typographic Art: Exploring Words as Visual Design,"inspiration,living-room-decor,minimalist-style,textiles,interior-design-concepts, Personalised Wall Art,Prints of love,what is typographic art"
How to Decorate a Master Bedroom: Stylish Ideas for Comfort and Luxury,how-to-decorate-a-master-bedroom-stylish-ideas-for-comfort,How to Decorate a Master Bedroom: Ideas for Comfort,"how-to,bedroom-decor,neutral-tones,textiles,interior-design-concepts, Awesome bedroom ideas,Bedroom space Decor,Bedroom Wall Art Ideas,Decorations for Master Bedrooms,Main bedroom decoration"
Ever Wondered Why Art Placement Is Important for Your Home's Vibe?,why-art-placement-is-important-for-your-homes-vibe,Why Art Placement Is Important for Your Home's Vibe?,"styling-tips,living-room-decor,interior-design-concepts,abstract-style,lamps-lighting, Home Decor,Home decoration,Relaxing Home decoration,why art placement is important"
Why Refresh Wall Decor: Transform Your Space with Ease,why-refresh-wall-decor-transform-your-space-with-ease,Why Refresh Wall Decor: Simple Ways to Transform Your Space,"styling-tips,living-room-decor,minimalist-style,interior-design-concepts, Neutral Wall Decor,Wall Decor Ideas for Large Walls,wall decoration office,why refresh wall decor"
Types of Wall Art Materials: A Guide to Choosing the Perfect Finish,types-of-wall-art-materials-guide-to-choosing-the-one,Types of Wall Art Materials: A Guide to Choosing,"how-to,living-room-decor,interior-design-concepts, types of wall art materials,Wall Art Decor"
Color Psychology in Art: Understanding How Shades Shape Emotion,color-psychology-in-art-how-shades-shape-emotion,Color Psychology in Art: How Shades Shape Emotion at Home,"styling-tips,living-room-decor,interior-design-concepts,blue-tones, art color meaning,color psychology in art,Colour Trends"
Best Plants for Offices: Bring Life and Calm Into Your Workspace,best-plants-for-offices-bring-life-into-your-workspace,Best Plants for Offices: Bring Life Into Your Workspace,"styling-tips,office-decor,biophilic-style,plants-pots, Best Plants for Offices,Biophilic Design,office decor ideas,office wall art,prints for the office,role of color in office spaces"
What is the 3-5-7 rule in Decorating: A Simple Formula for Stylish Spaces,what-is-the-3-5-7-rule-in-decorating,What is the 3-5-7 rule: A Simple Formula for interior decor,"styling-tips,living-room-decor,interior-design-concepts,textiles,scandinavian-style, 3-5-7 rule,Home Decor,Home Decor Styles,Home decor trends,Home decoration"
A Journey Through The History of Wall Art,a-journey-through-the-history-of-wall-art,History of Wall Art: From Ancient Caves to Modern Homes,"inspiration,living-room-decor,interior-design-concepts,wallpaper, History of Wall art,Wall Art Decor"
Essential Accessories for Living Room Decor to Elevate Your Space,essential-accessories-for-living-room-decor-for-your-space,Accessories for Living Room Decor: Tips for Your Space,"styling-tips,living-room-decor,textiles,rugs,interior-styling-frameworks, accessories for living room decor,Living room decor"
Art as Stress Relief: How Creativity Can Calm the Mind,art-as-stress-relief-how-creativity-can-calm-the-mind,Art as Stress Relief: How to Use Calming Wall Art in a Home,"inspiration,living-room-decor,minimalist-style,plants-pots,colour-psychology, art as stress relief,Calm Interiors,Relaxing Home decoration,Relaxing Workspaces,Zen Decor Ideas,Zen Wall Art"
How big should wall art be above a sofa?,how-big-should-wall-art-be-above-a-sofa,Above Bed Wall Art: How to Choose the Perfect Size and Style for Your Bedroom,"how-to,bedroom-decor,interior-design-concepts,frames,abstract-style, Above bed wall art,above the bed decor,art for bedrooms,Awesome bedroom ideas,Bedroom space Decor"
Japandi Home Decor: A Calm and Minimal Blend of East Meets West,japandi-home-decor-a-calm-blend-of-east-meets-west,Japandi Home Decor: A Calm Blend of East Meets West,"styling-tips,living-room-decor,japandi-style,neutral-tones,interior-design-concepts, Japandi home decor,Japandi Living room,Japandi style,Japanese wall art"
What Is Minimalist Wall Art: Simplicity That Speaks Volumes,what-is-minimalist-wall-art-simplicity-that-speaks-volumes,What Is Minimalist Wall Art: Simplicity That Speaks Volumes,"styling-tips,living-room-decor,minimalist-style,black-white,interior-design-concepts, Minimalism,Minimalist Décor,what is minimalist wall art"
Wall Decor Modern Ideas to Refresh Any Room,wall-decor-modern-ideas-to-refresh-any-room,Wall Decor Modern Ideas to Refresh Any Room,"styling-tips,living-room-decor,minimalist-style,sculptures,interior-design-concepts, Modern Art Wall,modern wall art ideas,Wall Decor Ideas for Large Walls"
Art Print vs Poster: What’s the Difference and Which Should You Choose?,art-print-vs-poster-what-s-the-difference-and-which-should-you-choose,Art Print vs Poster: What’s the Difference and Which Should You Choose?,"comparison,living-room-decor,contemporary-style,interior-design-concepts, art print vs poster,Wall Art Decor,wall art poster prints"
The Role of Colour in Office Spaces: Create Productivity Through Design,the-role-of-colour-in-office-spaces-create-productivity-through-design,The Role of Colour in Office Spaces: Create Productivity Through Design,"styling-tips,office-decor,contemporary-style,colour-psychology,wall-art, home office decor,Office Decor,office decor ideas,office wall art,Relaxing Workspaces,role of color in office spaces"
Tips for Using Wall Art Decor for Bedroom to Elevate Your Space,tips-for-using-wall-art-decor-for-bedroom-to-elevate-your-space,Wall Art Decor for Bedroom: Tips to Elevate and Transform Your Space,"styling-tips,bedroom-decor,abstract-style,scandinavian-style,colour-theory, art for bedrooms,Awesome bedroom ideas,Bedroom Art Ideas,Bedroom space Decor,Decorations for Master Bedrooms,Guest Bedroom Decorating Ideas,Main bedroom decoration,Master Bedroom wall decor,wall art decor for bedroom"
Why Art Matters in Offices: Boost Productivity and Inspire Creativity,the-surprising-ways-art-can-transform-your-workspace,Why Art Matters in Offices: Boost Creativity and Productivity with Inspiring Prints,"styling-tips,office-decor,abstract-style,colour-psychology, art for an office wall,art for offices,decorate professional office,Office Wall Design,Why Art Matters in Offices"