Top queries,Clicks,Impressions,CTR,Position
about wall art,96,151,63.58%,1.21
living room pictures,49,7714,0.64%,5.3
what is the 3-5-7 rule in decorating? give examples of 3-item groupings,37,358,10.34%,2.92
write for us home decor,34,234,14.53%,8.63
bathroom art ideas,33,4022,0.82%,3.99
pictures for living room,30,6251,0.48%,4.75
wall pictures for living room,25,8702,0.29%,4.14
aboutwallart,25,40,62.5%,1.02
quirky kitchen wall art,23,2003,1.15%,9.51
types of wall art,22,716,3.07%,6
interior design,21,12805,0.16%,1.57
islamic wall art,20,9622,0.21%,7.63
wall art,17,11331,0.15%,12.6
old money interior design,17,1007,1.69%,6
yes,17,766,2.22%,14.26
waterproof art for bathroom,17,368,4.62%,5.39
what is the 3-5-7 rule of decorating? give examples of 3-item groupings,17,279,6.09%,1.53
classy bathroom wall art,13,6977,0.19%,5.13
what is the 3-5-7 rule for decorating? give examples of 3-item groupings,13,125,10.4%,1.35
bathroom wall art ideas,12,3236,0.37%,5.41
islamic wall art for living room,12,895,1.34%,5.06
wall art decor,11,8904,0.12%,6.04
what colour goes with grey,11,4122,0.27%,6.48
old money home decor,10,502,1.99%,5.57
grey walls,9,3263,0.28%,2.89
small bathroom wall decor ideas,9,794,1.13%,5.75
islamic wall art uk,9,614,1.47%,8.03
masculine decor,9,488,1.84%,6.7
moisture resistant art for bathroom,9,92,9.78%,4.48
write for us + home decor,9,50,18%,5.92
home decor ideas thehometrotters,8,5508,0.15%,8.44
kitchen wall art ideas,8,1613,0.5%,9.91
cherry blossom art,8,1523,0.53%,5.33
set of 3 wall art for living room,8,1196,0.67%,6.09
bedroom prints set of 3,8,655,1.22%,6.48
what is wall art,8,565,1.42%,2.57
above fireplace art,8,282,2.84%,5.66
"home decor ""write for us""",8,173,4.62%,12.91
pictures for bedroom,7,3452,0.2%,3.99
masculine home decor,7,526,1.33%,8.12
wall art for office at work,7,366,1.91%,7.43
wall art for grey walls,7,301,2.33%,5.94
art for above fireplace,7,276,2.54%,6.41
3 5 7 rule interior design,7,199,3.52%,2.57
3-5-7 rule in interior design,7,70,10%,1.8
write for us home design,7,26,26.92%,9.85
framed wall art for living room,6,3581,0.17%,9.16
set of 3 wall art,6,2702,0.22%,9.93
what colours go with grey,6,2645,0.23%,6.83
colours that go with grey,6,2421,0.25%,8.64
does grey and beige go together,6,1530,0.39%,2.81
what colours go with grey walls,6,1434,0.42%,10.41
professional office wall art,6,1393,0.43%,4.93
studio apartment design ideas,6,1346,0.45%,1.55
picture for living room,6,1019,0.59%,3.93
does beige go with grey,6,923,0.65%,2.66
bathroom artwork ideas,6,853,0.7%,4.87
fireplace art,6,440,1.36%,5.98
what is the 3-5-7 rule in decorating? show me examples of 5-item groupings,6,188,3.19%,16.84
moisture proof picture frames bathroom,6,164,3.66%,7.23
home decor write for us,6,153,3.92%,7.5
waterproof bathroom art,6,127,4.72%,5.65
what is the 3-5-7 rule of decorating? show me examples of 5-item groupings,6,49,12.24%,10.96
write for us home interior,6,36,16.67%,15.33
"write for us ""home decor""",6,11,54.55%,17.55
unique wall art for living room,5,5467,0.09%,6.69
bathroom wall decor,5,3848,0.13%,9.03
teal wall art,5,2573,0.19%,5.92
pictures for living room wall,5,1860,0.27%,3.52
bedroom wall art ideas,5,1808,0.28%,6.75
cherry blossom wall art,5,1128,0.44%,6.7
3 5 7 rule,5,884,0.57%,5.26
old money interior,5,698,0.72%,5.15
modern islamic wall art,5,636,0.79%,8.35
set of 3 wall art for bedroom,5,613,0.82%,5.25
old money house interior,5,439,1.14%,5.18
small studio design ideas,5,294,1.7%,1.24
colors that go with grey walls,5,293,1.71%,5.59
framed botanical prints set of 3,5,247,2.02%,5.75
behind toilet wall ideas,5,241,2.07%,8.06
livingroom pictures,5,239,2.09%,3.97
wall art trends 2026,5,234,2.14%,12.12
"home decor + ""write for us""",5,181,2.76%,13.49
wall art types,5,171,2.92%,3.37
types of wall art painting,5,106,4.72%,3.64
waterproof wall art for bathroom,5,57,8.77%,4.79
bathroom safe artwork,5,33,15.15%,3.09
art for bathroom humidity,5,27,18.52%,1.89
write for us art,5,19,26.32%,45.05
bedroom wall art,4,14895,0.03%,4.57
japanese wall art,4,7527,0.05%,7.01
wall art for bedroom,4,7492,0.05%,6.5
office artwork,4,5469,0.07%,10.29
unique wall art,4,2681,0.15%,16.26
studio room design,4,1459,0.27%,1.04
hallway art,4,958,0.42%,13.22
asian home decor,4,730,0.55%,12.03
old money decor,4,691,0.58%,8.06
3-5-7 rule,4,684,0.58%,5.93
luxury classy bathroom wall art,4,645,0.62%,2.66
hallway art ideas,4,618,0.65%,8.26
pictures for the living room,4,533,0.75%,4.22
classy bathroom wall art uk,4,532,0.75%,5.58
french country wall decor,4,531,0.75%,4.97
japanese cherry blossom wall art,4,529,0.76%,8.2
what colours go with grey walls bedroom,4,525,0.76%,4.96
3 pictures above bed,4,480,0.83%,1.52
old money furniture,4,469,0.85%,6.36
what colour goes with light grey,4,372,1.08%,5.81
decoration islam,4,336,1.19%,7.15
types of wall art prints,4,302,1.32%,6.34
relaxing wall art for bedroom,4,302,1.32%,7.56
japandi home decor,4,298,1.34%,11.76
black and white art styles,4,282,1.42%,2.87
colour that goes with grey,4,267,1.5%,7.54
waterproof wall art,4,224,1.79%,7.71
high ceiling wall decor ideas,4,196,2.04%,6.18
3-5-7 rule interior design,4,179,2.23%,3.36
décoration islamique,4,171,2.34%,9.49
old money style interior design,4,164,2.44%,4.81
wall decor trends 2026,4,134,2.99%,7.42
black and gold bathroom wall decor,4,124,3.23%,2.84
colours and emotions in art,4,108,3.7%,1.96
3-5-7 rule decorating,4,105,3.81%,2.56
old money interior design style,4,80,5%,2.36
waterproof frames for bathroom,4,76,5.26%,6.38
what is the 3 5 7 rule in interior design,4,40,10%,1.9
2026 wall art trends,4,37,10.81%,9.51
bathroom safe wall art,4,35,11.43%,3.74
can you mix abstract and traditional art,4,14,28.57%,2.07
décoration,4,8,50%,3
living room decor ideas,3,10775,0.03%,6.41
living room wall decor ideas,3,7885,0.04%,9.24
office decor ideas,3,5357,0.06%,6.76
wall art for living room,3,4152,0.07%,6.53
living room wall art,3,3771,0.08%,5.13
office wall art,3,3334,0.09%,21.77
living room art,3,2770,0.11%,6.62
framed wall pictures for living room,3,2599,0.12%,7.77
bathroom wall decor modern,3,2466,0.12%,4.12
bathroom wall art,3,2140,0.14%,12.32
bedroom art ideas,3,2089,0.14%,6
bedroom art prints,3,1824,0.16%,9.67
colors that go with grey,3,1696,0.18%,3.12
laundry room wall art,3,1623,0.18%,4.32
scandinavian wall art,3,1620,0.19%,10.12
what goes with grey,3,1499,0.2%,5.68
christian wall art for living room,3,1395,0.22%,8.59
chinoiserie wall art,3,1376,0.22%,7.2
bathroom pictures,3,1363,0.22%,19.78
office artwork ideas,3,1220,0.25%,10.72
copper wall art,3,1155,0.26%,4.94
living room wall pictures,3,1155,0.26%,5.36
boho wall art,3,1024,0.29%,15.06
pictures for bathroom walls,3,966,0.31%,6
pictures for bedroom above bed,3,953,0.31%,2.85
pictures for a living room,3,785,0.38%,4.07
what is the 3-5-7 rule in interior design?,3,723,0.41%,2.48
what colour goes well with grey,3,664,0.45%,7.57
bedroom art,3,661,0.45%,19.51
islamic art wall,3,614,0.49%,19.13
lounge pictures,3,582,0.52%,8.15
pictures for the bathroom,3,551,0.54%,4.88
3 wall art set,3,551,0.54%,6.78
do beige and gray go together,3,545,0.55%,3.62
bathroom art,3,494,0.61%,18.07
art above fireplace,3,436,0.69%,7.07
wall art islamic,3,386,0.78%,7.77
black and white prints set of 3,3,371,0.81%,5.03
asian decor ideas,3,346,0.87%,7.51
boho wall art for living room,3,303,0.99%,8.68
canvas for living room,3,294,1.02%,10.27
kitchen artwork ideas,3,255,1.18%,9
art in offices,3,240,1.25%,11.57
can grey and beige go together,3,239,1.26%,9.7
what colours go with grey walls living room,3,220,1.36%,5.42
set of 3 pictures for living room,3,217,1.38%,5.71
colours that go with grey walls,3,211,1.42%,5.06
colour language,3,191,1.57%,2.23
art moderne interior design,3,187,1.6%,6.99
artwork for above fireplace,3,182,1.65%,6.84
art for bathroom walls ideas,3,177,1.69%,5.59
what color goes with gray walls,3,171,1.75%,3.85
what colours go with dark grey walls,3,168,1.79%,4.87
masculine interior design styles,3,159,1.89%,5.3
waterproof bathroom picture frames,3,157,1.91%,5.69
relax soak unwind wall art,3,155,1.94%,5.86
old money living room ideas,3,136,2.21%,6.24
french wall decor,3,134,2.24%,9.24
home decor stress levels,3,132,2.27%,5.08
wall art definition,3,126,2.38%,2.33
different types of wall art,3,116,2.59%,3.16
old money style living room,3,112,2.68%,5.13
wall art for grey walls living room,3,105,2.86%,2.18
decoration islamique,3,99,3.03%,5.9
art mural islamique,3,98,3.06%,4.82
decoration islamic,3,98,3.06%,5.18
colour symbolism,3,92,3.26%,3.66
pictures for a living room wall,3,92,3.26%,6.39
large wall art for high ceilings,3,88,3.41%,3.49
old money style furniture,3,88,3.41%,6.34
write for us + interior design,3,85,3.53%,12.44
types of wall art styles,3,83,3.61%,3.54
bathroom safe art,3,75,4%,3.19
colour and emotion in art,3,72,4.17%,2.6
décoration islamique murale,3,69,4.35%,5.94
modern living room ideas,3,68,4.41%,4.21
what paint colour goes with grey,3,62,4.84%,2.95
write for us + furniture,3,62,4.84%,16.63
what colours look good with grey walls,3,56,5.36%,3.21
interior design for living room,3,46,6.52%,8.76
old money apartment decor,3,43,6.98%,4.4
house beautiful,3,35,8.57%,3.29
wall mounted shoe horn,3,33,9.09%,7.15
home decor guest post,3,33,9.09%,11.94
japanese wall art set of 3,3,27,11.11%,4.52
color and emotion in art,3,25,12%,5.76
southeast asian decor,3,25,12%,6.52
hans wegner chair,3,6,50%,1.33
wall art ideas for bedroom,2,38512,0.01%,4.25
black and white wall decor,2,14484,0.01%,3.46
wall art ideas,2,6591,0.03%,5.26
office art,2,4040,0.05%,13.82
what colors go with grey,2,3532,0.06%,4.49
prints for living room,2,3213,0.06%,9.88
office wall decor,2,3128,0.06%,14.01
bathroom wall decor ideas,2,3110,0.06%,6.91
decorating,2,2763,0.07%,1.16
wall art unique,2,2524,0.08%,9.26
wall art sets,2,2276,0.09%,16.28
wall art living room,2,2173,0.09%,6.33
large framed wall pictures for living room,2,1959,0.1%,5.12
laundry room art,2,1915,0.1%,4.8
framed prints for living room,2,1902,0.11%,11.89
what colors go with gray,2,1886,0.11%,1.23
bathroom art decor,2,1836,0.11%,4.5
framed wall art for bedroom,2,1773,0.11%,8.18
family wall art,2,1486,0.13%,9.48
beige and grey,2,1470,0.14%,3.78
living room pictures for wall,2,1406,0.14%,5.26
islamic calligraphy wall art,2,1353,0.15%,5.55
does beige and grey go together,2,1303,0.15%,2.9
art work for living room,2,1215,0.16%,7.56
beige grey,2,1200,0.17%,2.26
bathroom pictures for wall,2,1166,0.17%,6.07
calming wall art,2,1143,0.17%,8.36
office wall decor ideas,2,1117,0.18%,7.1
pictures for the wall,2,1101,0.18%,5.31
living room picture ideas,2,1098,0.18%,6.64
how to decorate a living room,2,1058,0.19%,1.32
3 picture wall art,2,1013,0.2%,5.24
neutral wall art for living room,2,879,0.23%,4.52
do grey and beige go together,2,877,0.23%,3
does cream and grey go together,2,837,0.24%,7.19
do beige and grey go together,2,823,0.24%,3.42
bathroom wall pictures,2,823,0.24%,8.98
what is the 3-5-7 rule in decorating?,2,775,0.26%,9.79
framed bathroom wall art,2,757,0.26%,7.3
laundry room artwork,2,733,0.27%,2.82
3 set wall art,2,702,0.28%,6.01
oversized wall art for living room,2,692,0.29%,8.43
wall decor for living room,2,681,0.29%,6.49
laundry room decor,2,653,0.31%,10.21
20x30 cm frame,2,652,0.31%,2.64
beige and grey combination,2,639,0.31%,9.1
pictures for lounge,2,614,0.33%,6.02
hallway wall art ideas,2,613,0.33%,9.73
bathroom prints,2,609,0.33%,9.41
wall art for office,2,604,0.33%,21.1
does grey go with beige,2,582,0.34%,3.29
old money living room,2,552,0.36%,5.99
calming office decor ideas,2,545,0.37%,13.88
a3 wall art,2,542,0.37%,5.11
empty spaces wall art,2,515,0.39%,5.08
christian wall art for bedroom,2,515,0.39%,6.4
what colour compliments grey,2,509,0.39%,13.12
interior decorating ideas,2,492,0.41%,2.4
what colour goes with grey walls,2,470,0.43%,5.17
teal painting,2,450,0.44%,2.15
islamic frames for living room,2,447,0.45%,3.08
office art ideas,2,428,0.47%,15.1
family tree picture,2,426,0.47%,2.44
laundry wall art,2,425,0.47%,5.24
modern christian wall art for living room,2,420,0.48%,7.54
photos for bedroom wall,2,411,0.49%,4.01
pictures living room,2,409,0.49%,3.54
lounge decor ideas,2,400,0.5%,3.82
utility room wall art,2,359,0.56%,4.5
frame sizes for wall art,2,343,0.58%,2.76
art print vs poster,2,341,0.59%,7.16
set of 3 pictures for hallway,2,338,0.59%,6.09
living room pictures ideas,2,319,0.63%,5.23
zen decor,2,319,0.63%,12.81
farmhouse bedroom wall decor,2,308,0.65%,1.39
colours that match with grey,2,303,0.66%,2.72
islamic wall art with frame,2,298,0.67%,3.86
zen art,2,290,0.69%,5.82
bedroom picture ideas,2,289,0.69%,2.1
floral prints for wall,2,280,0.71%,5.76
framed bedroom pictures,2,280,0.71%,7.28
office wall design,2,280,0.71%,13.07
black and white photos for wall,2,258,0.78%,5.48
framed islamic wall art,2,258,0.78%,9.29
nancy meyers,2,251,0.8%,3.5
which colour matches with grey,2,238,0.84%,1.66
preppy living room,2,237,0.84%,6.3
what color goes with grey walls,2,236,0.85%,4.87
home interior design,2,232,0.86%,5.55
wall art for family room,2,224,0.89%,4.46
living room,2,218,0.92%,3.51
living room prints set of 3,2,214,0.93%,8.18
wall art above fireplace,2,208,0.96%,5.56
set of 3 botanical prints,2,199,1.01%,9.03
colour meaning in art,2,197,1.02%,5.64
what is the 3-5-7 rule for decorating?,2,196,1.02%,3.16
boho wall art for bedroom,2,194,1.03%,7.1
botanical prints for bathroom,2,185,1.08%,5.61
powder room wall art,2,185,1.08%,11.58
set of 3 pictures for bedroom,2,182,1.1%,3.58
laundry pictures,2,181,1.1%,2.38
wall art ideas for kitchen,2,177,1.13%,9.45
colors that match with gray,2,176,1.14%,1.01
wall decor for laundry room,2,176,1.14%,6.36
botanical wall art,2,174,1.15%,4.58
black and white wall art set of 3,2,162,1.23%,2.81
trending wall art 2026,2,158,1.27%,13.22
old money dining room,2,154,1.3%,5.86
set of 3 prints for bedroom,2,154,1.3%,7.19
what colors go best with gray,2,153,1.31%,2.18
christian wall art uk,2,153,1.31%,9.22
interior design write for us,2,152,1.32%,15.74
wall art styles,2,151,1.32%,5.83
artwork above fireplace,2,150,1.33%,6.53
beige and gray color combination,2,143,1.4%,2.59
color symbolism in art,2,142,1.41%,5.18
art over fireplace,2,138,1.45%,7.57
cherry blossom japanese art,2,132,1.52%,4.39
set of 3 wall art black and white,2,129,1.55%,3.87
si,2,126,1.59%,12.33
scandi wall art for living room,2,125,1.6%,7.08
japanese wall art decor,2,122,1.64%,5.7
pictures for front room,2,116,1.72%,4.1
old money style home,2,116,1.72%,6.26
write for us interior design,2,116,1.72%,16.87
what colour furniture goes with grey walls living room,2,112,1.79%,6.97
relaxing wall art for bathroom,2,108,1.85%,7.77
toilet wall art ideas,2,105,1.9%,6.22
cuadros para baños,2,104,1.92%,23.85
what goes with grey walls,2,102,1.96%,4.64
manly decor,2,99,2.02%,6.16
japanese art cherry blossom,2,98,2.04%,4.48
empty spaces brand wall art,2,98,2.04%,8.26
calming home decor,2,97,2.06%,10.27
living room.pictures,2,95,2.11%,3.52
does light grey and beige go together,2,94,2.13%,3.33
set of 3 prints for living room,2,94,2.13%,8.17
20*30 frame size,2,93,2.15%,1.31
living room islamic wall art,2,91,2.2%,3.55
wall decor meaning,2,87,2.3%,2.99
colour to go with grey,2,82,2.44%,4.63
ceiling art ideas,2,78,2.56%,9.03
how to decorate this wall,2,77,2.6%,2.45
art for grey walls,2,75,2.67%,2.17
3 5 7 rule decorating,2,75,2.67%,2.68
old money interiors,2,75,2.67%,4.19
above fireplace wall art,2,72,2.78%,5.25
decorate my room,2,72,2.78%,17.85
birthstone gifts not jewelry,2,71,2.82%,8.73
kids room wall decor ideas,2,69,2.9%,10.28
set of 3 bedroom prints,2,67,2.99%,7.27
islamic wall frames for living room,2,65,3.08%,4.46
wall pictures black and white,2,63,3.17%,2.37
wall art for high ceiling living room,2,62,3.23%,1.05
room picture,2,62,3.23%,4.18
waterproof frame for bathroom,2,62,3.23%,9.1
set of 3 framed pictures,2,61,3.28%,5.61
nature inspired wall decor,2,60,3.33%,6.1
mixing art styles in living room,2,58,3.45%,2.26
can beige go with grey,2,57,3.51%,2.14
bedroom,2,57,3.51%,3.82
write for us furniture,2,57,3.51%,12.51
old money living room design,2,54,3.7%,5.63
wall decor types,2,54,3.7%,5.76
gallery wall small space,2,52,3.85%,8.81
3 5 7 decorating rule,2,50,4%,5.84
wall art bundle,2,49,4.08%,6.63
best colours that go with grey,2,49,4.08%,7.35
diy accent wall ideas,2,48,4.17%,10.17
357 rule in decorating,2,45,4.44%,3.18
bathroom wall decorations,2,45,4.44%,20.44
type of wall art,2,44,4.55%,3.59
set of 3 floral wall art,2,44,4.55%,8.27
above toilet decor ideas,2,44,4.55%,9.59
islamic wall art for living room uk,2,43,4.65%,2.44
waterproof art for shower,2,43,4.65%,5.74
what is the 3-5-7 rule in decorating,2,42,4.76%,3.26
japanese art for bedroom,2,41,4.88%,1.88
artwork for high ceilings,2,41,4.88%,2.93
does beige and silver go together,2,40,5%,3.23
art for small bathroom,2,39,5.13%,6.08
bathroom wall frame ideas,2,39,5.13%,6.28
da,2,39,5.13%,7.97
butterfly room decor,2,38,5.26%,8.82
bathroom art inspiration,2,38,5.26%,9.45
how to arrange furniture in a small living room,2,37,5.41%,1.41
old money wall decor,2,37,5.41%,7.65
colours that go with light grey walls,2,36,5.56%,2.64
feng shui bedroom wall art,2,35,5.71%,7.14
islamic wall decor ideas,2,34,5.88%,6.79
islamic wall arts,2,34,5.88%,10.88
what to put on back of toilet for decoration,2,33,6.06%,6.55
art and interior design,2,33,6.06%,7.15
botanical prints,2,33,6.06%,8.91
ideas for wall behind toilet,2,32,6.25%,7.06
anniversary wall art,2,31,6.45%,7.74
wall behind toilet,2,31,6.45%,8.29
beige and grey room,2,28,7.14%,7.46
laundry room painting,2,27,7.41%,2
help me decorate,2,26,7.69%,3.69
can you wear beige with grey,2,25,8%,4.24
waterproof art,2,24,8.33%,5.17
paintings for above fireplace,2,24,8.33%,5.29
large islamic frames for living room,2,24,8.33%,6.62
botanical bedroom decor ideas,2,23,8.7%,4.22
dark grey with beige,2,23,8.7%,5.52
french country bedroom wall decor,2,21,9.52%,2
sim,2,20,10%,8.2
japanese cherry blossom painting,2,20,10%,9.15
relaxation wall art,2,20,10%,14.5
sleep wall art,2,18,11.11%,8.78
three prints wall art,2,17,11.76%,5.47
show images,2,17,11.76%,14.12
beige et gris ensemble,2,16,12.5%,1.94
classy kitchen art,2,16,12.5%,7.06
corridor wall painting ideas,2,14,14.29%,4.93
wall art 2026 trends,2,12,16.67%,6.42
revetement mural wc,2,11,18.18%,2.73
seasonal decor,2,10,20%,2.5
decorate this wall,2,10,20%,2.6
modern grey and cream living room ideas,2,9,22.22%,2.56
waterproof picture frame for shower,2,9,22.22%,9.89
deco mural islam,2,7,28.57%,6.71
decoracion pared baño,2,3,66.67%,5
home design write for us,2,3,66.67%,32.33
coussins originaux pour canapé,2,2,100%,2.5
thehometrotters blog home ideas,1,16856,0.01%,11.57
modern wall art,1,7092,0.01%,12.71
christian wall art,1,6650,0.02%,8.15
black and white wall art,1,5696,0.02%,9.83
living room ideas,1,4591,0.02%,1.47
bedroom decor ideas,1,4359,0.02%,12.41
decorations,1,3575,0.03%,1.03
room decor ideas,1,3415,0.03%,2.41
bedroom wall decor ideas,1,3295,0.03%,5.4
christian wall decor,1,3255,0.03%,8.66
hopepara com,1,2617,0.04%,22.38
framed wall art,1,2580,0.04%,12.25
paintings for living room,1,2387,0.04%,5.96
wall prints for living room,1,2371,0.04%,10.65
neutral wall art,1,2325,0.04%,15.18
wall designs for living room,1,2265,0.04%,7.84
what color goes with grey,1,2235,0.04%,9.03
wall art bedroom,1,2147,0.05%,6.53
living room design ideas,1,2141,0.05%,3.3
wabi sabi wall art,1,1969,0.05%,6.95
kitchen wall art,1,1894,0.05%,10.13
pictures for bathroom,1,1889,0.05%,5.74
bathroom picture ideas,1,1883,0.05%,11.35
japandi wall art,1,1850,0.05%,6.93
set of three wall art,1,1817,0.06%,8.77
prints for bathroom,1,1804,0.06%,8.58
london wall art,1,1772,0.06%,9.85
wall decor ideas for living room,1,1751,0.06%,9.62
modern wall art for living room,1,1707,0.06%,4.24
bedroom canvas,1,1678,0.06%,6.89
wall pictures for bedroom,1,1677,0.06%,3.89
wall art set of 3,1,1610,0.06%,7.56
contemporary wall art,1,1610,0.06%,9.61
how to decorate,1,1567,0.06%,1.39
prints for bedroom,1,1564,0.06%,9.89
beige,1,1469,0.07%,2.36
wall art prints for living room,1,1462,0.07%,8.86
office pictures for wall,1,1293,0.08%,6.24
what color goes with gray,1,1281,0.08%,6.07
sage green interior design trends,1,1279,0.08%,2.19
decorating ideas for living room,1,1279,0.08%,6.51
hallway prints,1,1240,0.08%,8.77
large prints for living room,1,1236,0.08%,8.99
wall decoration ideas for living room,1,1205,0.08%,6.85
set of 3 prints,1,1203,0.08%,10.27
framed art work,1,1202,0.08%,12.47
grey beige,1,1201,0.08%,3.93
bedroom pictures for wall,1,1199,0.08%,3.88
flower wall art,1,1158,0.09%,4.29
bathroom wall art decor,1,1158,0.09%,5.23
black and white framed art,1,1155,0.09%,4.57
wall art for large wall,1,1146,0.09%,7.9
word wall art,1,1141,0.09%,4.52
living room picture,1,1136,0.09%,3.64
asian wall art,1,1126,0.09%,5.17
frame sizes on wall,1,1111,0.09%,3.09
how to decorate living room with simple things,1,1096,0.09%,1.5
asian decor,1,1036,0.1%,16.16
studio design ideas,1,1033,0.1%,2.27
lounge wall art,1,1028,0.1%,4.79
decorating ideas,1,969,0.1%,1.95
colors that go with gray,1,950,0.11%,1.8
studio apartment design,1,939,0.11%,1.7
bathroom framed art,1,916,0.11%,6.13
does beige go with gray,1,897,0.11%,2.94
pictures for room,1,858,0.12%,3.73
prints for kitchen,1,854,0.12%,11.01
canvas painting for living room,1,835,0.12%,15
laundry room art ideas,1,817,0.12%,4.48
wall picture for living room,1,812,0.12%,6.27
artwork for kitchen,1,806,0.12%,6.8
boho art,1,801,0.12%,5.71
black and gold bathroom decor,1,780,0.13%,2.73
unique classy bathroom wall art,1,768,0.13%,3.58
interior design ideas,1,760,0.13%,3.99
contemporary wall art for living room,1,741,0.13%,3.92
framed pictures for bedroom,1,734,0.14%,7.52
what colours go with light grey,1,732,0.14%,10.24
framed bathroom art,1,720,0.14%,7.83
modern christian wall art,1,717,0.14%,10.02
art for offices,1,711,0.14%,19.21
islamic wall decor,1,710,0.14%,10.48
shabby chic wall art,1,703,0.14%,4.71
nyc wall art,1,691,0.14%,7.68
framed wall art set of 2,1,687,0.15%,8.91
what matches with grey,1,664,0.15%,2.33
picture for bedroom wall,1,651,0.15%,3.77
pictures for bedrooms,1,648,0.15%,3.9
living room art work,1,638,0.16%,5.19
beach wall art for living room,1,635,0.16%,3.2
cool office art,1,629,0.16%,9.63
prints for hallway,1,626,0.16%,7.85
what colors go good with gray,1,623,0.16%,5.03
beige colour,1,603,0.17%,1.27
big pictures for living room,1,601,0.17%,6.32
framed prints for bedroom,1,587,0.17%,10
wall decor for bathroom,1,587,0.17%,17.89
large living room art,1,586,0.17%,5.47
wall art prints uk,1,582,0.17%,12.34
art work for bedroom,1,580,0.17%,7.7
black and white wall decor for living room,1,563,0.18%,2.8
office artwork for walls,1,562,0.18%,7.52
modern coastal wall decor,1,558,0.18%,1.87
wall art design,1,549,0.18%,6.19
bathroom wall ideas,1,542,0.18%,12.3
picture for living room wall,1,533,0.19%,4.71
pictures for childrens bedrooms,1,530,0.19%,10.59
living room posters,1,522,0.19%,6.01
zen wall art,1,521,0.19%,4.47
room decor,1,520,0.19%,7.27
art for your office,1,520,0.19%,27.23
large wall decor ideas,1,517,0.19%,7.17
home decoration ideas,1,513,0.19%,6.12
home office artwork ideas,1,509,0.2%,17.79
best colour to go with grey,1,502,0.2%,14.08
beige and gray,1,501,0.2%,3.62
pictures for above bed,1,500,0.2%,5.78
art for office space,1,499,0.2%,19.55
arabic wall art,1,496,0.2%,6.52
japanese cherry blossom art,1,496,0.2%,7.71
gray and beige,1,490,0.2%,2.87
bathroom prints framed,1,488,0.2%,19.23
decor ideas,1,484,0.21%,1.9
light grey walls,1,482,0.21%,12.46
modern bathroom art,1,480,0.21%,3.17
set of 2 wall art,1,476,0.21%,12.58
canvas painting ideas for living room,1,475,0.21%,5.53
3 pictures wall art,1,475,0.21%,8.29
scandi art,1,474,0.21%,6.73
pictures for a bedroom,1,472,0.21%,5.25
minimalist wall art,1,472,0.21%,28.03
bathroom picture decor,1,466,0.21%,6.21
persian wall art,1,461,0.22%,10.56
art decor ideas,1,459,0.22%,13.94
bohemian art,1,455,0.22%,6.64
office art work,1,455,0.22%,8.49
wall art for mens bedroom,1,454,0.22%,6.1
professional office wall decor ideas,1,448,0.22%,5.73
studio room ideas,1,447,0.22%,1.38
pictures for office,1,438,0.23%,3.79
scandinavian art,1,438,0.23%,14.63
small living room ideas,1,437,0.23%,4.19
spring decor,1,427,0.23%,1.44
what size picture frame do i need,1,422,0.24%,7.83
grey artwork,1,421,0.24%,4.71
home decorating ideas,1,416,0.24%,4.63
wall decorations for living room,1,415,0.24%,5.77
decorative wall art,1,412,0.24%,9.81
studio apartment hacks,1,409,0.24%,36.43
pictures for the bedroom,1,402,0.25%,3.1
picture for room,1,400,0.25%,3.12
living room wall decor ideas modern,1,400,0.25%,9.49
islamic wall frames,1,398,0.25%,7.67
kitchen art work,1,385,0.26%,5.58
set of 3 prints wall art,1,378,0.26%,8.66
modern bathroom wall decor,1,371,0.27%,4.03
nursery wall art,1,368,0.27%,35.05
islamic art prints,1,362,0.28%,13.05
creative office wall design ideas,1,356,0.28%,7.72
wall decoration,1,352,0.28%,7.89
black and white bathroom wall art,1,347,0.29%,2.63
pictures for office wall,1,343,0.29%,2.92
spiritual wall art,1,342,0.29%,8.42
artwork for office space,1,341,0.29%,21.15
bath wall art,1,339,0.29%,8.18
what is canvas art,1,337,0.3%,5.33
accent wall art,1,337,0.3%,7.25
what color furniture goes with grey walls,1,335,0.3%,7.22
kitchen art,1,335,0.3%,24.79
artwork for bedroom walls,1,332,0.3%,5.68
large framed artwork,1,331,0.3%,8.86
ideas for living room decor,1,329,0.3%,1.42
small bathroom wall decor modern,1,329,0.3%,2.8
what color goes well with grey,1,326,0.31%,5.33
home office artwork,1,324,0.31%,20.74
framed pictures for bathroom,1,319,0.31%,7.19
large living room pictures for wall,1,318,0.31%,5.24
colours that go with light grey,1,315,0.32%,7.37
bathroom pictures for walls,1,314,0.32%,8.32
interior design tips,1,313,0.32%,2.32
canvas paintings for living room,1,312,0.32%,9.07
corridor art,1,307,0.33%,8.15
small bathroom pictures for wall,1,304,0.33%,8.5
art work for office,1,304,0.33%,8.72
wall art for bathroom,1,300,0.33%,12.76
mid century prints,1,296,0.34%,9.82
bedroom print ideas,1,294,0.34%,4.21
popular prints for living room,1,292,0.34%,5
does gray and tan go together,1,290,0.34%,2.58
large art over fireplace,1,290,0.34%,6.78
white wall art for bedroom,1,287,0.35%,4.78
bed room wall art,1,286,0.35%,4.38
design ideas for living room,1,284,0.35%,1.35
black and white art style,1,276,0.36%,4.55
zen room decor,1,274,0.36%,7.95
artwork for offices,1,272,0.37%,22.61
do tan and grey go together,1,271,0.37%,2.77
studio room design ideas,1,270,0.37%,1.15
office wall pictures,1,270,0.37%,3.53
gold bathroom wall decor,1,269,0.37%,3.2
pictures for lounge wall,1,266,0.38%,2.61
do gray and beige go together,1,266,0.38%,4.3
modern grey and beige living room,1,265,0.38%,9.53
home design,1,263,0.38%,2.31
wall art meaning,1,262,0.38%,1.69
bathroom prints set of 3,1,261,0.38%,6.85
luxury bathroom wall art,1,260,0.38%,6.61
tiny apartment ideas,1,259,0.39%,1.8
best color combination with grey,1,259,0.39%,2.53
sun and moon wall art,1,255,0.39%,6.06
modern office wall art,1,255,0.39%,17.47
living room pictures with frames,1,254,0.39%,8.56
wall art for living room black and white,1,252,0.4%,11.74
laundry room pictures for wall,1,250,0.4%,2.86
pictures for laundry room,1,248,0.4%,3.38
interior design courses,1,246,0.41%,2.45
cheap decorating ideas for living room walls,1,246,0.41%,6.74
sitting room ideas,1,245,0.41%,5.53
empty spaces art,1,244,0.41%,8.07
minimal wall art,1,243,0.41%,20.71
old money room decor,1,240,0.42%,7.34
interior decorating terms,1,237,0.42%,3.71
decor ideas for living room,1,232,0.43%,3.23
small living room decor ideas,1,229,0.44%,4.41
artwork for bedroom wall,1,228,0.44%,7.46
lounge wall decor,1,228,0.44%,11
interior design masters,1,225,0.44%,2.18
black and white framed prints for living room,1,225,0.44%,2.96
large print for living room,1,225,0.44%,8.1
how to decorate a room,1,224,0.45%,1.52
small bathroom art,1,223,0.45%,9.57
botanical wall art set of 3,1,219,0.46%,4.5
laundry art,1,219,0.46%,6.32
paintings for bedroom wall,1,218,0.46%,4.95
relaxing wall art for living room,1,215,0.47%,7.11
utility room prints,1,213,0.47%,6.01
black framed pictures for living room,1,212,0.47%,5.25
wall frame decor living room,1,207,0.48%,3.71
modern paintings for living room,1,206,0.49%,4.89
workplace artwork,1,206,0.49%,8.89
3 pictures above king bed size,1,205,0.49%,2.09
gray and beige combination,1,205,0.49%,8.6
modern boho wall art,1,205,0.49%,9.8
what colours go with dark grey,1,204,0.49%,12.84
laundry room art prints,1,203,0.49%,9.27
best framed pictures for living room,1,200,0.5%,6.88
laundry room wall art ideas,1,199,0.5%,2.99
what is the 3-5-7 rule of decorating?,1,199,0.5%,3.69
creative office wall design,1,199,0.5%,7.98
masculine decor ideas,1,198,0.51%,4.3
over the bed pictures,1,195,0.51%,2.27
hallway artwork ideas,1,195,0.51%,5.97
what colors go with gray walls,1,194,0.52%,4.44
20x30 in,1,192,0.52%,2.74
set of 3 art,1,188,0.53%,6.77
art for bathrooms,1,187,0.53%,6.28
mens bedroom art,1,187,0.53%,6.79
grey wall decor,1,186,0.54%,5.19
gray matching color,1,185,0.54%,1.01
help me decorate my living room,1,185,0.54%,1.7
bathroom painting decor,1,185,0.54%,2.18
powder room wall art ideas,1,185,0.54%,6.1
large living room artwork,1,184,0.54%,5.57
empty spaces embellished art,1,184,0.54%,8.66
pictures for walls in living room,1,183,0.55%,4.12
botanical pictures for bathroom,1,183,0.55%,5.04
3 wall art,1,183,0.55%,5.57
modern islamic art,1,183,0.55%,8.91
wall art bathroom ideas,1,181,0.55%,7.22
islamic prints,1,181,0.55%,13.41
colours that go with dark grey,1,181,0.55%,14.29
japanese wall decoration,1,180,0.56%,2.37
green wall art for bathroom,1,178,0.56%,3.91
paris wall art,1,178,0.56%,8.13
pictures for laundry room walls,1,177,0.56%,2.44
how to decorate a wall,1,176,0.57%,1.28
office decor wall,1,175,0.57%,3.97
ideas for kitchen wall art,1,175,0.57%,14.73
what color looks good with grey,1,174,0.57%,5.84
three pictures on wall,1,172,0.58%,1.74
greige wall art,1,171,0.58%,8.09
modern bedroom art,1,169,0.59%,4.12
coffee art prints,1,169,0.59%,6.36
what colors go with grey walls,1,168,0.6%,5.06
black and white wall decor for bedroom,1,167,0.6%,3.19
bathroom pictures in frames,1,167,0.6%,3.56
office wall decor ideas for work,1,167,0.6%,10.47
art for living rooms,1,167,0.6%,12.08
wall pictures for office,1,166,0.6%,4.05
bathroom wall picture ideas,1,165,0.61%,4.04
wall art for hallway entrance,1,165,0.61%,10.22
scandinavian prints,1,165,0.61%,26.89
laundry artwork,1,164,0.61%,3.78
botanical bathroom decor,1,162,0.62%,6.43
back of toilet decor ideas,1,161,0.62%,8.55
color meaning in art,1,161,0.62%,9
botanical prints wall art,1,160,0.62%,4.69
3 framed wall art,1,159,0.63%,8
modern bathroom artwork,1,158,0.63%,4.77
old money interieur,1,158,0.63%,7.52
islamic art wall decor,1,158,0.63%,8.44
neutral wall art set of 3,1,155,0.65%,4.18
wall art for hallway,1,155,0.65%,12.43
toilet decor,1,153,0.65%,14.48
colors that compliment gray,1,152,0.66%,1.71
art for office,1,151,0.66%,24.57
first apartment gifts,1,150,0.67%,4.96
black and white bedroom prints,1,150,0.67%,5.88
decorating walls with high ceilings,1,150,0.67%,9.44
frame sizes for wall,1,149,0.67%,1.55
light grey and beige,1,147,0.68%,4.21
empty spaces artwork,1,147,0.68%,7.95
which colours go with grey,1,147,0.68%,9.01
quirky kitchen prints,1,147,0.68%,9.96
grey pictures for bedroom,1,146,0.68%,3.69
bathroom wall art black and white,1,145,0.69%,3.14
hallway prints set of 3,1,145,0.69%,8.41
art for hallway,1,144,0.69%,7.74
framed pictures for hallway,1,143,0.7%,6.15
colour combination,1,142,0.7%,1.3
framed wall art set,1,142,0.7%,10.6
how to decorate a small room,1,142,0.7%,19.73
sun and moon prints,1,141,0.71%,8.06
hallway artwork,1,141,0.71%,17.11
light grey,1,140,0.71%,1.26
teal prints,1,140,0.71%,4.41
poster living room,1,138,0.72%,2.52
wall art for above fireplace,1,138,0.72%,4.64
muslim wall art,1,137,0.73%,7.16
kitchen artwork,1,136,0.74%,6.87
decoration murale islam,1,134,0.75%,6.17
old money curtains,1,134,0.75%,9.33
pictures for utility room,1,133,0.75%,2.45
black and white wall pictures for living room,1,133,0.75%,3.87
house wall art,1,133,0.75%,7.4
wall art for office space,1,133,0.75%,7.91
modern wall art for bathroom,1,130,0.77%,5.32
blossom art,1,130,0.77%,7.59
modern kitchen wall art,1,129,0.78%,11.56
art in bathroom ideas,1,128,0.78%,3.23
cottagecore wall art,1,128,0.78%,3.84
what colours goes with grey,1,125,0.8%,7.01
black and white canvas art for living room,1,124,0.81%,4.87
bedroom wall picture ideas,1,123,0.81%,2.11
wall art decor for living room,1,123,0.81%,5.69
art for living room,1,123,0.81%,9.46
best canvas painting for living room,1,121,0.83%,15.96
what color match with gray,1,120,0.83%,1
manly home decor,1,120,0.83%,7.78
bathroom artwork,1,120,0.83%,11.53
grey and beige color,1,118,0.85%,7.17
wall art kitchen ideas,1,118,0.85%,11.31
does dark grey and beige go together,1,117,0.85%,2.6
pictures for the bedroom wall,1,117,0.85%,2.94
painting above fireplace,1,117,0.85%,7.18
kitchen paintings ideas,1,117,0.85%,8.54
art for home office,1,117,0.85%,20.09
does beige and light grey go together,1,116,0.86%,3.25
black and white artwork for bedroom,1,115,0.87%,5.77
does cream and gray go together,1,114,0.88%,5.55
over fireplace art,1,112,0.89%,6.49
nature inspired wall art,1,112,0.89%,7.5
art for bedroom wall,1,112,0.89%,8.57
wall decor set of 3,1,112,0.89%,10.7
beige and light grey,1,111,0.9%,3.53
feature wall ideas,1,111,0.9%,5.14
living room pictures framed,1,111,0.9%,8.68
living room design,1,108,0.93%,5.53
picture for above fireplace,1,108,0.93%,7.22
modern laundry room art,1,106,0.94%,5.2
pictures for over fireplace,1,106,0.94%,5.39
corridor decor ideas,1,106,0.94%,8.62
sets of 3 wall art,1,105,0.95%,6.2
wall art sets of 3,1,105,0.95%,7.52
large wall art for living room,1,105,0.95%,10.2
breakfast nook wall decor,1,105,0.95%,10.28
wall art boho,1,105,0.95%,11.34
paintings for living room ideas,1,104,0.96%,2.81
corridor decoration,1,104,0.96%,9.85
a4 wall art,1,103,0.97%,4.5
prints for laundry room,1,102,0.98%,5.65
kitchen wall picture ideas,1,101,0.99%,14.53
3-5-7 rule in decorating,1,100,1%,2.6
calming wall art for bedroom,1,100,1%,8.01
color that compliments gray,1,99,1.01%,1
which color matches with grey,1,99,1.01%,1
room pictures,1,99,1.01%,2.94
pictures for living room uk,1,99,1.01%,3.44
modern art above fireplace,1,99,1.01%,6.92
pictures for room decor,1,98,1.02%,2.98
framed wall art for kitchen,1,98,1.02%,3.35
canvas art definition,1,98,1.02%,3.9
black and white art style name,1,98,1.02%,5.58
home office wall decor ideas,1,98,1.02%,12.38
ja,1,98,1.02%,14.39
painting for bedroom wall,1,97,1.03%,3.22
dressing room decor,1,97,1.03%,6.01
religious wall art for living room,1,96,1.04%,5.16
a4 20x30,1,95,1.05%,1.59
wall art teal,1,95,1.05%,4.07
stunning wall art,1,95,1.05%,10.23
3 piece picture frame,1,94,1.06%,5.69
living room.artwork,1,94,1.06%,7.2
calming bedroom wall art,1,94,1.06%,9.86
islamic modern wall art,1,94,1.06%,11.82
waterproof bathroom wall art,1,93,1.08%,5.63
pictures for above fireplace,1,93,1.08%,6.45
art for home decor,1,93,1.08%,9.28
living room canvas painting ideas,1,92,1.09%,4.99
scandi style wall art,1,92,1.09%,11.59
decoration ideas for home,1,91,1.1%,3.53
decorate,1,91,1.1%,4.22
can beige and grey go together,1,91,1.1%,4.52
gold wall art for bathroom,1,91,1.1%,4.68
poster for living room,1,91,1.1%,5.62
small room ideas,1,91,1.1%,10.41
wall art home office,1,91,1.1%,14.25
wall art wholesale,1,91,1.1%,29.04
décoration islam moderne,1,90,1.11%,9.78
black and white art for bedroom,1,89,1.12%,2.85
islamic calligraphy art,1,89,1.12%,3.57
studio flat decor ideas,1,89,1.12%,4.22
behind toilet decor,1,89,1.12%,7
personalised family gifts,1,89,1.12%,10.29
gifts for first apartment,1,88,1.14%,4.1
set of 3 black and white wall art,1,88,1.14%,4.93
home interior pictures,1,88,1.14%,9.19
trendy wall art,1,87,1.15%,9.26
marble artwork,1,86,1.16%,5.98
gold wall art for living room,1,86,1.16%,20.58
grey carpet beige walls,1,85,1.18%,2.26
zodiac wall art,1,85,1.18%,4.75
bathroom frame ideas,1,85,1.18%,6.41
botanical themed bedroom,1,85,1.18%,6.82
3 frames above bed,1,84,1.19%,1.27
pictures for over bed,1,84,1.19%,3.58
prints for utility room,1,84,1.19%,6.81
wall art for living room set of 3,1,84,1.19%,9.95
black and white framed pictures,1,83,1.2%,2.29
japanese crane wall art,1,83,1.2%,2.92
small room design for 1 person,1,83,1.2%,7.25
guest bedroom wall decor,1,83,1.2%,12.87
paintings for offices,1,83,1.2%,17.01
is beige and grey a good combo,1,82,1.22%,2.5
old money style room,1,82,1.22%,6.68
wall decor sets for living room,1,82,1.22%,7.74
black and white prints,1,82,1.22%,8.87
wall art for male bedroom,1,81,1.23%,6.38
print vs poster,1,81,1.23%,7.32
yes please,1,81,1.23%,12.62
masculine living room decor,1,80,1.25%,10.79
what colours compliment grey,1,79,1.27%,3.51
old money home style,1,79,1.27%,6.52
corridor painting,1,79,1.27%,8.28
calligraphy wall art description,1,78,1.28%,2.27
masculine home decor ideas,1,78,1.28%,7.09
3 piece christian wall art,1,78,1.28%,8.15
old money living room decor,1,78,1.28%,8.23
islamic wall art store,1,78,1.28%,9.14
wall art for bathroom uk,1,78,1.28%,9.71
interior design tips for beginners,1,77,1.3%,1.17
artwork for bathroom,1,77,1.3%,4.88
art for bathroom ideas,1,77,1.3%,4.91
modern french country wall art,1,76,1.32%,3.58
does cream and light grey go together,1,76,1.32%,4.53
types of wall paintings,1,76,1.32%,4.7
over the fireplace art,1,76,1.32%,6.17
masculine decor living room,1,76,1.32%,8.63
what colour goes with grey and beige,1,75,1.33%,1.97
does gray and cream go together,1,75,1.33%,3.49
relaxing bedroom wall art,1,75,1.33%,8.16
black and white pictures,1,75,1.33%,30.65
ideas for decorating a living room,1,74,1.35%,2.46
black and white framed photos,1,74,1.35%,3.16
behind toilet decor ideas,1,74,1.35%,3.76
small studio room design ideas,1,73,1.37%,1.77
studio decorating ideas,1,72,1.39%,1.25
small studio flat design ideas,1,72,1.39%,1.65
home decor wall art,1,72,1.39%,11.69
christian wall art prints,1,72,1.39%,13.06
does beige go with light grey,1,71,1.41%,2.87
living room guest impressions,1,71,1.41%,3.52
ideas for living room wall art,1,71,1.41%,10.69
write for us home decoration,1,71,1.41%,13.41
home decor ideas for small homes,1,70,1.43%,2.26
3 large pictures on wall,1,70,1.43%,2.33
office wall print,1,70,1.43%,5.63
old money home interior,1,69,1.45%,4.67
botanical prints for wall,1,69,1.45%,5.14
decoration musulmane,1,69,1.45%,10.04
streamline moderne interior design,1,69,1.45%,11.09
japanese art set,1,68,1.47%,7
wall art size calculator,1,68,1.47%,10.93
bathroom wall art set of 2,1,67,1.49%,3.39
botanical bathroom prints,1,67,1.49%,4.46
art for a kitchen,1,67,1.49%,5.07
modern old money interior design,1,67,1.49%,5.54
islamic wall art set of 3,1,67,1.49%,8.37
unique wall prints,1,67,1.49%,13.24
masculine interior design,1,67,1.49%,14.9
small studio apartment design,1,66,1.52%,1.47
artwork for bathroom ideas,1,66,1.52%,4.14
bedroom wall art set of 3,1,66,1.52%,7.18
custom family gifts,1,66,1.52%,11.15
small bedroom wall decor,1,65,1.54%,6.94
ideas for decorating a lounge,1,64,1.56%,2.91
what color wall plates with grey walls,1,64,1.56%,5.38
islamic wall art for bedroom,1,64,1.56%,6.47
art for wall,1,64,1.56%,7.44
breakfast room decor,1,64,1.56%,12.33
modern islamic wall art uk,1,63,1.59%,5.32
masculine interior design ideas,1,63,1.59%,9.98
playroom art ideas,1,62,1.61%,1.71
laundry room art for walls,1,62,1.61%,2.63
old money modern house interior,1,62,1.61%,5.35
small framed art for bathroom,1,62,1.61%,9.6
black and gold wall art for bathroom,1,61,1.64%,3.44
3 set picture for wall,1,61,1.64%,6.7
french country artwork,1,61,1.64%,8.77
small studio decor ideas,1,60,1.67%,1.42
ideas for bedroom wall art,1,60,1.67%,3.85
what wallpaper goes with grey walls,1,60,1.67%,6.45
dark grey and beige living room,1,60,1.67%,7.12
wall art for home,1,60,1.67%,7.17
islamic wallart,1,60,1.67%,10.33
travel wall decor,1,60,1.67%,11.8
blank gallery wall,1,60,1.67%,12.23
peaceful bedroom art,1,59,1.69%,7.58
how to decorate my home,1,58,1.72%,1.19
modern pictures for living room,1,58,1.72%,9.66
what colour goes with light grey walls,1,57,1.75%,4.19
artwork for men's bedroom,1,57,1.75%,5.09
what colors go with light gray walls,1,57,1.75%,5.68
masculine house decor,1,57,1.75%,5.79
art frame sizes,1,57,1.75%,6.46
combining grey and beige,1,57,1.75%,7.74
set of 3 bedroom wall art,1,56,1.79%,4.64
workspace art,1,56,1.79%,9.29
walnut laundry hamper,1,56,1.79%,9.64
interior design guest post write for us,1,56,1.79%,9.66
flat wall art,1,55,1.82%,2.07
above bed picture frames,1,55,1.82%,2.18
does light gray and beige go together,1,55,1.82%,3.15
small bathroom wall art ideas,1,55,1.82%,4.96
artwork for over fireplace,1,55,1.82%,6.13
my living room,1,54,1.85%,1.09
ideas for office walls,1,54,1.85%,3.39
wall behind toilet ideas,1,54,1.85%,5.15
wall art fireplace,1,54,1.85%,5.94
2026 wall decor trends,1,54,1.85%,6.85
3 picture set for living room,1,54,1.85%,7
creative office wall decor ideas,1,54,1.85%,14.3
art for high ceilings,1,53,1.89%,2.09
grey and beige colour combination,1,53,1.89%,2.34
what is 3-5-7 rule,1,53,1.89%,4.85